# WaveFront *.obj file (generated by Autodesk ATF)

mtllib RGB sensor.mtl

g Body1

v 0.062549 0.000000 -3.999511
v -0.838609 0.000000 -3.911104
v -1.696793 0.000000 -3.622277
v -2.468028 0.000000 -3.147831
v -3.112791 0.000000 -2.512078
v -3.598042 0.000000 -1.747596
v -3.898916 0.000000 -0.893561
v -3.999995 0.000000 0.006264
v -3.896099 0.000000 0.905768
v -3.592551 0.000000 1.758856
v -3.104908 0.000000 2.521814
v -2.458157 0.000000 3.155545
v -1.685440 0.000000 3.627574
v -0.826356 0.000000 3.913711
v 0.075075 0.000000 3.999295
v 0.075075 6.500000 3.999295
v 0.075075 13.000000 3.999295
v -0.826356 13.000000 3.913711
v -1.685440 13.000000 3.627574
v -2.458157 13.000000 3.155545
v -3.104908 13.000000 2.521814
v -3.592551 13.000000 1.758856
v -3.896099 13.000000 0.905768
v -3.999995 13.000000 0.006264
v -3.898916 13.000000 -0.893561
v -3.598042 13.000000 -1.747596
v -3.112791 13.000000 -2.512078
v -2.468028 13.000000 -3.147831
v -1.696793 13.000000 -3.622277
v -0.838609 13.000000 -3.911104
v 0.062549 13.000000 -3.999511
v 0.062549 6.500000 -3.999511
v -0.838609 6.500000 -3.911104
v -1.696793 6.500000 -3.622277
v -2.468028 6.500000 -3.147831
v -3.112791 6.500000 -2.512078
v -3.598042 6.500000 -1.747596
v -3.898916 6.500000 -0.893561
v -3.999995 6.500000 0.006264
v -3.896099 6.500000 0.905768
v -3.592551 6.500000 1.758856
v -3.104908 6.500000 2.521814
v -2.458157 6.500000 3.155545
v -1.685440 6.500000 3.627574
v -0.826356 6.500000 3.913711
v 15.062549 0.000000 -4.023556
v 7.562549 0.000000 -4.011533
v 7.562549 13.000000 -4.011533
v 15.062549 13.000000 -4.023556
v 15.062549 6.500000 -4.023556
v 7.562549 6.500000 -4.011533
v 15.075057 0.000000 3.976434
v 15.965009 0.000000 3.874784
v 16.810027 0.000000 3.577646
v 17.567736 0.000000 3.099918
v 18.200140 0.000000 2.465558
v 18.675526 0.000000 1.706378
v 18.970055 0.000000 0.860446
v 19.068956 0.000000 -0.029815
v 18.967271 0.000000 -0.919763
v 18.670099 0.000000 -1.764769
v 18.192341 0.000000 -2.522460
v 17.557957 0.000000 -3.154839
v 16.798757 0.000000 -3.630194
v 15.952814 0.000000 -3.924690
v 15.952814 13.000000 -3.924690
v 16.798757 13.000000 -3.630194
v 17.557957 13.000000 -3.154839
v 18.192341 13.000000 -2.522460
v 18.670099 13.000000 -1.764769
v 18.967271 13.000000 -0.919763
v 19.068956 13.000000 -0.029815
v 18.970055 13.000000 0.860446
v 18.675526 13.000000 1.706378
v 18.200140 13.000000 2.465558
v 17.567736 13.000000 3.099918
v 16.810027 13.000000 3.577646
v 15.965009 13.000000 3.874784
v 15.075057 13.000000 3.976434
v 15.075057 6.500000 3.976434
v 15.965009 6.500000 3.874784
v 16.810027 6.500000 3.577646
v 17.567736 6.500000 3.099918
v 18.200140 6.500000 2.465558
v 18.675526 6.500000 1.706378
v 18.970055 6.500000 0.860446
v 19.068956 6.500000 -0.029815
v 18.967271 6.500000 -0.919763
v 18.670099 6.500000 -1.764769
v 18.192341 6.500000 -2.522460
v 17.557957 6.500000 -3.154839
v 16.798757 6.500000 -3.630194
v 15.952814 6.500000 -3.924690
v 7.575066 0.000000 3.987865
v 7.575066 13.000000 3.987865
v 7.575066 6.500000 3.987865
vt -6.500000 0.000000 0.000000
vt -0.000000 0.000000 0.000000
vt -6.500000 0.907429 0.000000
vt -0.000000 0.907429 0.000000
vt -6.500000 1.814857 0.000000
vt -0.000000 1.814857 0.000000
vt -6.500000 2.722286 0.000000
vt -0.000000 2.722286 0.000000
vt -6.500000 3.629715 0.000000
vt -0.000000 3.629715 0.000000
vt -6.500000 4.537143 0.000000
vt -0.000000 4.537143 0.000000
vt -6.500000 5.444572 0.000000
vt -0.000000 5.444572 0.000000
vt -6.500000 6.352001 0.000000
vt -0.000000 6.352001 0.000000
vt -6.500000 7.259429 0.000000
vt -0.000000 7.259429 0.000000
vt -6.500000 8.166858 0.000000
vt -0.000000 8.166858 0.000000
vt -6.500000 9.074287 0.000000
vt -0.000000 9.074287 0.000000
vt -6.500000 9.981715 0.000000
vt -0.000000 9.981715 0.000000
vt -6.500000 10.889144 0.000000
vt -0.000000 10.889144 0.000000
vt -6.500000 11.796573 0.000000
vt -0.000000 11.796573 0.000000
vt -6.500000 12.704001 0.000000
vt -0.000000 12.704001 0.000000
vt -13.000000 12.704001 0.000000
vt -13.000000 11.796573 0.000000
vt -13.000000 10.889144 0.000000
vt -13.000000 9.981715 0.000000
vt -13.000000 9.074287 0.000000
vt -13.000000 8.166858 0.000000
vt -13.000000 7.259429 0.000000
vt -13.000000 6.352001 0.000000
vt -13.000000 5.444572 0.000000
vt -13.000000 4.537143 0.000000
vt -13.000000 3.629715 0.000000
vt -13.000000 2.722286 0.000000
vt -13.000000 1.814857 0.000000
vt -13.000000 0.907429 0.000000
vt -13.000000 0.000000 0.000000
vt 0.000000 0.000000 0.000000
vt 7.500010 0.000000 0.000000
vt 0.000000 6.500000 0.000000
vt 7.500010 6.500000 0.000000
vt 0.000000 13.000000 0.000000
vt 7.500010 13.000000 0.000000
vt 15.000019 6.500000 0.000000
vt 15.000019 13.000000 0.000000
vt 15.000019 0.000000 0.000000
vt -6.500000 0.000000 0.000000
vt -0.000000 0.000000 0.000000
vt -6.500000 0.897620 0.000000
vt -0.000000 0.897620 0.000000
vt -6.500000 1.795241 0.000000
vt -0.000000 1.795241 0.000000
vt -6.500000 2.692861 0.000000
vt -0.000000 2.692861 0.000000
vt -6.500000 3.590482 0.000000
vt -0.000000 3.590482 0.000000
vt -6.500000 4.488102 0.000000
vt -0.000000 4.488102 0.000000
vt -6.500000 5.385723 0.000000
vt -0.000000 5.385723 0.000000
vt -6.500000 6.283343 0.000000
vt -0.000000 6.283343 0.000000
vt -6.500000 7.180964 0.000000
vt -0.000000 7.180964 0.000000
vt -6.500000 8.078584 0.000000
vt -0.000000 8.078584 0.000000
vt -6.500000 8.976205 0.000000
vt -0.000000 8.976205 0.000000
vt -6.500000 9.873825 0.000000
vt -0.000000 9.873825 0.000000
vt -6.500000 10.771445 0.000000
vt -0.000000 10.771445 0.000000
vt -6.500000 11.669066 0.000000
vt -0.000000 11.669066 0.000000
vt -6.500000 12.566686 0.000000
vt -0.000000 12.566686 0.000000
vt -13.000000 12.566686 0.000000
vt -13.000000 11.669066 0.000000
vt -13.000000 10.771445 0.000000
vt -13.000000 9.873825 0.000000
vt -13.000000 8.976205 0.000000
vt -13.000000 8.078584 0.000000
vt -13.000000 7.180964 0.000000
vt -13.000000 6.283343 0.000000
vt -13.000000 5.385723 0.000000
vt -13.000000 4.488102 0.000000
vt -13.000000 3.590482 0.000000
vt -13.000000 2.692861 0.000000
vt -13.000000 1.795241 0.000000
vt -13.000000 0.897620 0.000000
vt -13.000000 0.000000 0.000000
vt 0.000000 0.000000 0.000000
vt 7.500000 0.000000 0.000000
vt 0.000000 6.500000 0.000000
vt 7.500000 6.500000 0.000000
vt 0.000000 13.000000 0.000000
vt 7.500000 13.000000 0.000000
vt 15.000000 6.500000 0.000000
vt 15.000000 13.000000 0.000000
vt 15.000000 0.000000 0.000000
vt 0.040586 -3.999645 0.000000
vt -7.471931 3.987730 0.000000
vt -7.459406 -4.011076 0.000000
vt -11.534476 -0.018044 0.000000
vt -11.430579 -0.917548 0.000000
vt 0.028069 3.999753 0.000000
vt 7.540577 -3.988215 0.000000
vt 7.528069 4.011775 0.000000
vt 11.534476 0.018035 0.000000
vt 11.432791 0.907983 0.000000
vt 8.430529 -3.886565 0.000000
vt 9.275547 -3.589426 0.000000
vt 10.033256 -3.111699 0.000000
vt 10.665660 -2.477339 0.000000
vt 11.141046 -1.718158 0.000000
vt 11.435574 -0.872227 0.000000
vt 11.135618 1.752989 0.000000
vt 10.657861 2.510679 0.000000
vt 10.023476 3.143058 0.000000
vt 9.264277 3.618414 0.000000
vt 8.418334 3.912909 0.000000
vt -8.373089 3.899324 0.000000
vt -9.231274 3.610497 0.000000
vt -10.002508 3.136050 0.000000
vt -10.647271 2.500297 0.000000
vt -11.132523 1.735816 0.000000
vt -11.433397 0.881780 0.000000
vt -11.127032 -1.770637 0.000000
vt -10.639388 -2.533595 0.000000
vt -9.992637 -3.167326 0.000000
vt -9.219921 -3.639354 0.000000
vt -8.360836 -3.925492 0.000000
vt -0.040586 -3.999645 0.000000
vt -0.028069 3.999753 0.000000
vt -7.540577 -3.988215 0.000000
vt -7.528069 4.011775 0.000000
vt -11.534476 0.018035 0.000000
vt -11.432791 0.907983 0.000000
vt -11.135618 1.752989 0.000000
vt -10.657861 2.510679 0.000000
vt -10.023476 3.143058 0.000000
vt -9.264277 3.618414 0.000000
vt -8.418334 3.912909 0.000000
vt 7.471931 3.987730 0.000000
vt 7.459406 -4.011076 0.000000
vt 11.534476 -0.018044 0.000000
vt 11.430579 -0.917548 0.000000
vt 11.127032 -1.770637 0.000000
vt 10.639388 -2.533595 0.000000
vt 9.992637 -3.167326 0.000000
vt 9.219921 -3.639354 0.000000
vt 8.360836 -3.925492 0.000000
vt 11.433397 0.881780 0.000000
vt 11.132523 1.735816 0.000000
vt 10.647271 2.500297 0.000000
vt 10.002508 3.136050 0.000000
vt 9.231274 3.610497 0.000000
vt 8.373089 3.899324 0.000000
vt -11.435574 -0.872227 0.000000
vt -11.141046 -1.718158 0.000000
vt -10.665660 -2.477339 0.000000
vt -10.033256 -3.111699 0.000000
vt -9.275547 -3.589426 0.000000
vt -8.430529 -3.886565 0.000000
vn 0.015637 -0.000000 -0.999878
vn 0.015637 -0.000000 -0.999878
vn -0.209652 0.000000 -0.977776
vn -0.209652 0.000000 -0.977776
vn -0.424198 0.000000 -0.905569
vn -0.424198 0.000000 -0.905569
vn -0.617007 0.000000 -0.786958
vn -0.617007 0.000000 -0.786958
vn -0.778198 0.000000 -0.628019
vn -0.778198 0.000000 -0.628019
vn -0.899511 0.000000 -0.436899
vn -0.899511 0.000000 -0.436899
vn -0.974729 0.000000 -0.223390
vn -0.974729 0.000000 -0.223390
vn -0.999999 -0.000000 0.001566
vn -0.999999 -0.000000 0.001566
vn -0.974025 -0.000000 0.226442
vn -0.974025 -0.000000 0.226442
vn -0.898138 -0.000000 0.439714
vn -0.898138 -0.000000 0.439714
vn -0.776227 -0.000000 0.630454
vn -0.776227 -0.000000 0.630454
vn -0.614539 -0.000000 0.788886
vn -0.614539 -0.000000 0.788886
vn -0.421360 -0.000000 0.906893
vn -0.421360 -0.000000 0.906893
vn -0.206589 -0.000000 0.978428
vn -0.206589 -0.000000 0.978428
vn 0.018769 -0.000000 0.999824
vn 0.018769 -0.000000 0.999824
vn 0.018769 -0.000000 0.999824
vn -0.206589 -0.000000 0.978428
vn -0.421360 -0.000000 0.906893
vn -0.614539 -0.000000 0.788886
vn -0.776227 -0.000000 0.630454
vn -0.898138 -0.000000 0.439714
vn -0.974025 -0.000000 0.226442
vn -0.999999 -0.000000 0.001566
vn -0.974729 0.000000 -0.223390
vn -0.899511 0.000000 -0.436899
vn -0.778198 0.000000 -0.628019
vn -0.617007 0.000000 -0.786958
vn -0.424198 0.000000 -0.905569
vn -0.209652 0.000000 -0.977776
vn 0.015637 -0.000000 -0.999878
vn -0.001603 0.000000 -0.999999
vn -0.001603 0.000000 -0.999999
vn -0.001603 0.000000 -0.999999
vn -0.001603 0.000000 -0.999999
vn -0.001603 0.000000 -0.999999
vn -0.001603 0.000000 -0.999999
vn -0.001603 0.000000 -0.999999
vn -0.001603 0.000000 -0.999999
vn -0.001603 0.000000 -0.999999
vn 0.001524 -0.000000 0.999999
vn 0.001524 -0.000000 0.999999
vn 0.224012 -0.000000 0.974586
vn 0.224012 -0.000000 0.974586
vn 0.435267 -0.000000 0.900302
vn 0.435267 -0.000000 0.900302
vn 0.624694 -0.000000 0.780870
vn 0.624694 -0.000000 0.780870
vn 0.782795 -0.000000 0.622280
vn 0.782795 -0.000000 0.622280
vn 0.901641 -0.000000 0.432485
vn 0.901641 -0.000000 0.432485
vn 0.975273 -0.000000 0.221002
vn 0.975273 -0.000000 0.221002
vn 0.999999 -0.000000 -0.001564
vn 0.999999 -0.000000 -0.001564
vn 0.974578 -0.000000 -0.224050
vn 0.974578 -0.000000 -0.224050
vn 0.900284 -0.000000 -0.435302
vn 0.900284 -0.000000 -0.435302
vn 0.780845 -0.000000 -0.624725
vn 0.780845 -0.000000 -0.624725
vn 0.622249 -0.000000 -0.782819
vn 0.622249 -0.000000 -0.782819
vn 0.432449 -0.000000 -0.901658
vn 0.432449 -0.000000 -0.901658
vn 0.220963 -0.000000 -0.975282
vn 0.220963 -0.000000 -0.975282
vn 0.220963 -0.000000 -0.975282
vn 0.432449 -0.000000 -0.901658
vn 0.622249 -0.000000 -0.782819
vn 0.780845 -0.000000 -0.624725
vn 0.900284 -0.000000 -0.435302
vn 0.974578 -0.000000 -0.224050
vn 0.999999 -0.000000 -0.001564
vn 0.975273 -0.000000 0.221002
vn 0.901641 -0.000000 0.432485
vn 0.782795 -0.000000 0.622280
vn 0.624694 -0.000000 0.780870
vn 0.435267 -0.000000 0.900302
vn 0.224012 -0.000000 0.974586
vn 0.001524 -0.000000 0.999999
vn 0.001524 -0.000000 0.999999
vn 0.001524 -0.000000 0.999999
vn 0.001524 -0.000000 0.999999
vn 0.001524 -0.000000 0.999999
vn 0.001524 -0.000000 0.999999
vn 0.001524 -0.000000 0.999999
vn 0.000000 1.000000 0.000000
vn 0.000000 1.000000 0.000000
vn 0.000000 1.000000 0.000000
vn 0.000000 1.000000 0.000000
vn 0.000000 1.000000 0.000000
vn 0.000000 1.000000 0.000000
vn 0.000000 1.000000 0.000000
vn 0.000000 1.000000 0.000000
vn 0.000000 1.000000 0.000000
vn 0.000000 1.000000 0.000000
vn 0.000000 1.000000 0.000000
vn 0.000000 1.000000 0.000000
vn 0.000000 1.000000 0.000000
vn 0.000000 1.000000 0.000000
vn 0.000000 1.000000 0.000000
vn 0.000000 1.000000 0.000000
vn 0.000000 1.000000 0.000000
vn 0.000000 1.000000 0.000000
vn 0.000000 1.000000 0.000000
vn 0.000000 1.000000 0.000000
vn 0.000000 1.000000 0.000000
vn 0.000000 1.000000 0.000000
vn 0.000000 1.000000 0.000000
vn 0.000000 1.000000 0.000000
vn 0.000000 1.000000 0.000000
vn 0.000000 1.000000 0.000000
vn 0.000000 1.000000 0.000000
vn 0.000000 1.000000 0.000000
vn 0.000000 1.000000 0.000000
vn 0.000000 1.000000 0.000000
vn 0.000000 1.000000 0.000000
vn 0.000000 1.000000 0.000000
vn -0.000000 -1.000000 -0.000000
vn -0.000000 -1.000000 -0.000000
vn -0.000000 -1.000000 -0.000000
vn -0.000000 -1.000000 -0.000000
vn -0.000000 -1.000000 -0.000000
vn -0.000000 -1.000000 -0.000000
vn -0.000000 -1.000000 -0.000000
vn -0.000000 -1.000000 -0.000000
vn -0.000000 -1.000000 -0.000000
vn -0.000000 -1.000000 -0.000000
vn -0.000000 -1.000000 -0.000000
vn -0.000000 -1.000000 -0.000000
vn -0.000000 -1.000000 -0.000000
vn -0.000000 -1.000000 -0.000000
vn -0.000000 -1.000000 -0.000000
vn -0.000000 -1.000000 -0.000000
vn -0.000000 -1.000000 -0.000000
vn -0.000000 -1.000000 -0.000000
vn -0.000000 -1.000000 -0.000000
vn -0.000000 -1.000000 -0.000000
vn -0.000000 -1.000000 -0.000000
vn -0.000000 -1.000000 -0.000000
vn -0.000000 -1.000000 -0.000000
vn -0.000000 -1.000000 -0.000000
vn -0.000000 -1.000000 -0.000000
vn -0.000000 -1.000000 -0.000000
vn -0.000000 -1.000000 -0.000000
vn -0.000000 -1.000000 -0.000000
vn -0.000000 -1.000000 -0.000000
vn -0.000000 -1.000000 -0.000000
vn -0.000000 -1.000000 -0.000000
vn -0.000000 -1.000000 -0.000000
usemtl Aluminum_-_Anodized_Rough_(Grey)
f 32/1/1 1/2/2 33/3/3
f 33/3/3 1/2/2 2/4/4
f 33/3/3 2/4/4 34/5/5
f 34/5/5 2/4/4 3/6/6
f 34/5/5 3/6/6 35/7/7
f 35/7/7 3/6/6 4/8/8
f 35/7/7 4/8/8 36/9/9
f 36/9/9 4/8/8 5/10/10
f 36/9/9 5/10/10 37/11/11
f 37/11/11 5/10/10 6/12/12
f 37/11/11 6/12/12 38/13/13
f 38/13/13 6/12/12 7/14/14
f 38/13/13 7/14/14 39/15/15
f 39/15/15 7/14/14 8/16/16
f 39/15/15 8/16/16 40/17/17
f 40/17/17 8/16/16 9/18/18
f 40/17/17 9/18/18 41/19/19
f 41/19/19 9/18/18 10/20/20
f 41/19/19 10/20/20 42/21/21
f 42/21/21 10/20/20 11/22/22
f 42/21/21 11/22/22 43/23/23
f 43/23/23 11/22/22 12/24/24
f 43/23/23 12/24/24 44/25/25
f 44/25/25 12/24/24 13/26/26
f 44/25/25 13/26/26 45/27/27
f 45/27/27 13/26/26 14/28/28
f 45/27/27 14/28/28 16/29/29
f 16/29/29 14/28/28 15/30/30
f 16/29/29 17/31/31 45/27/27
f 45/27/27 17/31/31 18/32/32
f 45/27/27 18/32/32 44/25/25
f 44/25/25 18/32/32 19/33/33
f 44/25/25 19/33/33 43/23/23
f 43/23/23 19/33/33 20/34/34
f 43/23/23 20/34/34 42/21/21
f 42/21/21 20/34/34 21/35/35
f 42/21/21 21/35/35 41/19/19
f 41/19/19 21/35/35 22/36/36
f 41/19/19 22/36/36 40/17/17
f 40/17/17 22/36/36 23/37/37
f 40/17/17 23/37/37 39/15/15
f 39/15/15 23/37/37 24/38/38
f 39/15/15 24/38/38 38/13/13
f 38/13/13 24/38/38 25/39/39
f 38/13/13 25/39/39 37/11/11
f 37/11/11 25/39/39 26/40/40
f 37/11/11 26/40/40 36/9/9
f 36/9/9 26/40/40 27/41/41
f 36/9/9 27/41/41 35/7/7
f 35/7/7 27/41/41 28/42/42
f 35/7/7 28/42/42 34/5/5
f 34/5/5 28/42/42 29/43/43
f 34/5/5 29/43/43 33/3/3
f 33/3/3 29/43/43 30/44/44
f 33/3/3 30/44/44 32/1/1
f 32/1/1 30/44/44 31/45/45
f 46/46/46 47/47/47 50/48/48
f 50/48/48 47/47/47 51/49/49
f 50/48/48 51/49/49 49/50/50
f 49/50/50 51/49/49 48/51/51
f 48/51/51 51/49/49 32/52/52
f 48/51/51 32/52/52 31/53/53
f 47/47/47 1/54/54 51/49/49
f 51/49/49 1/54/54 32/52/52
f 80/55/55 52/56/56 81/57/57
f 81/57/57 52/56/56 53/58/58
f 81/57/57 53/58/58 82/59/59
f 82/59/59 53/58/58 54/60/60
f 82/59/59 54/60/60 83/61/61
f 83/61/61 54/60/60 55/62/62
f 83/61/61 55/62/62 84/63/63
f 84/63/63 55/62/62 56/64/64
f 84/63/63 56/64/64 85/65/65
f 85/65/65 56/64/64 57/66/66
f 85/65/65 57/66/66 86/67/67
f 86/67/67 57/66/66 58/68/68
f 86/67/67 58/68/68 87/69/69
f 87/69/69 58/68/68 59/70/70
f 87/69/69 59/70/70 88/71/71
f 88/71/71 59/70/70 60/72/72
f 88/71/71 60/72/72 89/73/73
f 89/73/73 60/72/72 61/74/74
f 89/73/73 61/74/74 90/75/75
f 90/75/75 61/74/74 62/76/76
f 90/75/75 62/76/76 91/77/77
f 91/77/77 62/76/76 63/78/78
f 91/77/77 63/78/78 92/79/79
f 92/79/79 63/78/78 64/80/80
f 92/79/79 64/80/80 93/81/81
f 93/81/81 64/80/80 65/82/82
f 93/81/81 65/82/82 50/83/48
f 50/83/48 65/82/82 46/84/46
f 50/83/48 49/85/50 93/81/81
f 93/81/81 49/85/50 66/86/83
f 93/81/81 66/86/83 92/79/79
f 92/79/79 66/86/83 67/87/84
f 92/79/79 67/87/84 91/77/77
f 91/77/77 67/87/84 68/88/85
f 91/77/77 68/88/85 90/75/75
f 90/75/75 68/88/85 69/89/86
f 90/75/75 69/89/86 89/73/73
f 89/73/73 69/89/86 70/90/87
f 89/73/73 70/90/87 88/71/71
f 88/71/71 70/90/87 71/91/88
f 88/71/71 71/91/88 87/69/69
f 87/69/69 71/91/88 72/92/89
f 87/69/69 72/92/89 86/67/67
f 86/67/67 72/92/89 73/93/90
f 86/67/67 73/93/90 85/65/65
f 85/65/65 73/93/90 74/94/91
f 85/65/65 74/94/91 84/63/63
f 84/63/63 74/94/91 75/95/92
f 84/63/63 75/95/92 83/61/61
f 83/61/61 75/95/92 76/96/93
f 83/61/61 76/96/93 82/59/59
f 82/59/59 76/96/93 77/97/94
f 82/59/59 77/97/94 81/57/57
f 81/57/57 77/97/94 78/98/95
f 81/57/57 78/98/95 80/55/55
f 80/55/55 78/98/95 79/99/96
f 15/100/97 94/101/98 16/102/99
f 16/102/99 94/101/98 96/103/100
f 16/102/99 96/103/100 17/104/101
f 17/104/101 96/103/100 95/105/102
f 95/105/102 96/103/100 80/106/55
f 95/105/102 80/106/55 79/107/96
f 94/101/98 52/108/56 96/103/100
f 96/103/100 52/108/56 80/106/55
f 95/109/103 31/110/104 17/111/105
f 17/111/105 31/110/104 24/112/106
f 17/111/105 24/112/106 23/113/107
f 31/110/104 95/109/103 48/114/108
f 48/114/108 95/109/103 79/115/109
f 48/114/108 79/115/109 49/116/110
f 49/116/110 79/115/109 72/117/111
f 49/116/110 72/117/111 71/118/112
f 78/119/113 77/120/114 79/115/109
f 79/115/109 77/120/114 76/121/115
f 79/115/109 76/121/115 75/122/116
f 75/122/116 74/123/117 79/115/109
f 79/115/109 74/123/117 73/124/118
f 79/115/109 73/124/118 72/117/111
f 71/118/112 70/125/119 49/116/110
f 49/116/110 70/125/119 69/126/120
f 49/116/110 69/126/120 68/127/121
f 68/127/121 67/128/122 49/116/110
f 49/116/110 67/128/122 66/129/123
f 30/130/124 29/131/125 31/110/104
f 31/110/104 29/131/125 28/132/126
f 31/110/104 28/132/126 27/133/127
f 27/133/127 26/134/128 31/110/104
f 31/110/104 26/134/128 25/135/129
f 31/110/104 25/135/129 24/112/106
f 23/113/107 22/136/130 17/111/105
f 17/111/105 22/136/130 21/137/131
f 17/111/105 21/137/131 20/138/132
f 20/138/132 19/139/133 17/111/105
f 17/111/105 19/139/133 18/140/134
f 94/141/135 47/142/136 52/143/137
f 52/143/137 47/142/136 46/144/138
f 52/143/137 46/144/138 59/145/139
f 59/145/139 46/144/138 60/146/140
f 60/146/140 46/144/138 61/147/141
f 61/147/141 46/144/138 62/148/142
f 62/148/142 46/144/138 63/149/143
f 63/149/143 46/144/138 64/150/144
f 64/150/144 46/144/138 65/151/145
f 47/142/136 94/141/135 1/152/146
f 1/152/146 94/141/135 15/153/147
f 1/152/146 15/153/147 8/154/148
f 8/154/148 15/153/147 9/155/149
f 9/155/149 15/153/147 10/156/150
f 10/156/150 15/153/147 11/157/151
f 11/157/151 15/153/147 12/158/152
f 12/158/152 15/153/147 13/159/153
f 13/159/153 15/153/147 14/160/154
f 8/154/148 7/161/155 1/152/146
f 1/152/146 7/161/155 6/162/156
f 1/152/146 6/162/156 5/163/157
f 5/163/157 4/164/158 1/152/146
f 1/152/146 4/164/158 3/165/159
f 1/152/146 3/165/159 2/166/160
f 59/145/139 58/167/161 52/143/137
f 52/143/137 58/167/161 57/168/162
f 52/143/137 57/168/162 56/169/163
f 56/169/163 55/170/164 52/143/137
f 52/143/137 55/170/164 54/171/165
f 52/143/137 54/171/165 53/172/166
g Body3

v -1.500000 -0.100000 -0.000000
v -1.483246 -0.100000 0.223563
v -1.433359 -0.100000 0.442133
v -1.351453 -0.100000 0.650826
v -1.239358 -0.100000 0.844980
v -1.099578 -0.100000 1.020259
v -0.935235 -0.100000 1.172747
v -0.750000 -0.100000 1.299038
v -0.548012 -0.100000 1.396311
v -0.333781 -0.100000 1.462392
v -0.112095 -0.100000 1.495806
v 0.112095 -0.100000 1.495806
v 0.333781 -0.100000 1.462392
v 0.548012 -0.100000 1.396311
v 0.750000 -0.100000 1.299038
v 0.935235 -0.100000 1.172747
v 1.099578 -0.100000 1.020259
v 1.239358 -0.100000 0.844980
v 1.351453 -0.100000 0.650826
v 1.433359 -0.100000 0.442133
v 1.483246 -0.100000 0.223563
v 1.500000 -0.100000 0.000000
v 1.483246 -0.100000 -0.223563
v 1.433359 -0.100000 -0.442133
v 1.351453 -0.100000 -0.650826
v 1.239358 -0.100000 -0.844980
v 1.099578 -0.100000 -1.020259
v 0.935235 -0.100000 -1.172747
v 0.750000 -0.100000 -1.299038
v 0.548012 -0.100000 -1.396311
v 0.333781 -0.100000 -1.462392
v 0.112095 -0.100000 -1.495806
v -0.112095 -0.100000 -1.495806
v -0.333781 -0.100000 -1.462392
v -0.548012 -0.100000 -1.396311
v -0.750000 -0.100000 -1.299038
v -0.935235 -0.100000 -1.172747
v -1.099578 -0.100000 -1.020259
v -1.239358 -0.100000 -0.844980
v -1.351453 -0.100000 -0.650826
v -1.433359 -0.100000 -0.442133
v -1.483246 -0.100000 -0.223563
v -1.500000 0.000000 -0.000000
v -1.483246 0.000000 -0.223563
v -1.433359 0.000000 -0.442133
v -1.351453 0.000000 -0.650826
v -1.239358 0.000000 -0.844980
v -1.099578 0.000000 -1.020259
v -0.935235 0.000000 -1.172747
v -0.750000 0.000000 -1.299038
v -0.548012 0.000000 -1.396311
v -0.333781 0.000000 -1.462392
v -0.112095 0.000000 -1.495806
v 0.112095 0.000000 -1.495806
v 0.333781 0.000000 -1.462392
v 0.548012 0.000000 -1.396311
v 0.750000 0.000000 -1.299038
v 0.935235 0.000000 -1.172747
v 1.099578 0.000000 -1.020259
v 1.239358 0.000000 -0.844980
v 1.351453 0.000000 -0.650826
v 1.433359 0.000000 -0.442133
v 1.483246 0.000000 -0.223563
v 1.500000 0.000000 0.000000
v 1.483246 0.000000 0.223563
v 1.433359 0.000000 0.442133
v 1.351453 0.000000 0.650826
v 1.239358 0.000000 0.844980
v 1.099578 0.000000 1.020259
v 0.935235 0.000000 1.172747
v 0.750000 0.000000 1.299038
v 0.548012 0.000000 1.396311
v 0.333781 0.000000 1.462392
v 0.112095 0.000000 1.495806
v -0.112095 0.000000 1.495806
v -0.333781 0.000000 1.462392
v -0.548012 0.000000 1.396311
v -0.750000 0.000000 1.299038
v -0.935235 0.000000 1.172747
v -1.099578 0.000000 1.020259
v -1.239358 0.000000 0.844980
v -1.351453 0.000000 0.650826
v -1.433359 0.000000 0.442133
v -1.483246 0.000000 0.223563
vt -0.100000 4.487990 0.000000
vt -0.000000 4.487990 0.000000
vt -0.100000 4.712389 0.000000
vt 0.000000 4.712389 0.000000
vt -0.100000 -4.712389 0.000000
vt 0.000000 -4.712389 0.000000
vt -0.100000 -4.487990 0.000000
vt 0.000000 -4.487990 0.000000
vt -0.100000 -4.263590 0.000000
vt 0.000000 -4.263590 0.000000
vt -0.100000 -4.039191 0.000000
vt 0.000000 -4.039191 0.000000
vt -0.100000 -3.814791 0.000000
vt 0.000000 -3.814791 0.000000
vt -0.100000 -3.590392 0.000000
vt 0.000000 -3.590392 0.000000
vt -0.100000 -3.365992 0.000000
vt 0.000000 -3.365992 0.000000
vt -0.100000 -3.141593 0.000000
vt 0.000000 -3.141593 0.000000
vt -0.100000 -2.917193 0.000000
vt 0.000000 -2.917193 0.000000
vt -0.100000 -2.692794 0.000000
vt 0.000000 -2.692794 0.000000
vt -0.100000 -2.468394 0.000000
vt 0.000000 -2.468394 0.000000
vt -0.100000 -2.243995 0.000000
vt -0.000000 -2.243995 0.000000
vt -0.100000 -2.019595 0.000000
vt -0.000000 -2.019595 0.000000
vt -0.100000 -1.795196 0.000000
vt -0.000000 -1.795196 0.000000
vt -0.100000 -1.570796 0.000000
vt -0.000000 -1.570796 0.000000
vt -0.100000 -1.346397 0.000000
vt -0.000000 -1.346397 0.000000
vt -0.100000 -1.121997 0.000000
vt -0.000000 -1.121997 0.000000
vt -0.100000 -0.897598 0.000000
vt -0.000000 -0.897598 0.000000
vt -0.100000 -0.673198 0.000000
vt -0.000000 -0.673198 0.000000
vt -0.100000 -0.448799 0.000000
vt -0.000000 -0.448799 0.000000
vt -0.100000 -0.224399 0.000000
vt -0.000000 -0.224399 0.000000
vt -0.100000 0.000000 0.000000
vt -0.000000 0.000000 0.000000
vt -0.100000 0.224399 0.000000
vt -0.000000 0.224399 0.000000
vt -0.100000 0.448799 0.000000
vt -0.000000 0.448799 0.000000
vt -0.100000 0.673198 0.000000
vt -0.000000 0.673198 0.000000
vt -0.100000 0.897598 0.000000
vt -0.000000 0.897598 0.000000
vt -0.100000 1.121997 0.000000
vt -0.000000 1.121997 0.000000
vt -0.100000 1.346397 0.000000
vt -0.000000 1.346397 0.000000
vt -0.100000 1.570796 0.000000
vt -0.000000 1.570796 0.000000
vt -0.100000 1.795196 0.000000
vt -0.000000 1.795196 0.000000
vt -0.100000 2.019595 0.000000
vt -0.000000 2.019595 0.000000
vt -0.100000 2.243995 0.000000
vt -0.000000 2.243995 0.000000
vt -0.100000 2.468394 0.000000
vt -0.000000 2.468394 0.000000
vt -0.100000 2.692794 0.000000
vt -0.000000 2.692794 0.000000
vt -0.100000 2.917193 0.000000
vt -0.000000 2.917193 0.000000
vt -0.100000 3.141593 0.000000
vt -0.000000 3.141593 0.000000
vt -0.100000 3.365992 0.000000
vt -0.000000 3.365992 0.000000
vt -0.100000 3.590392 0.000000
vt -0.000000 3.590392 0.000000
vt -0.100000 3.814791 0.000000
vt -0.000000 3.814791 0.000000
vt -0.100000 4.039191 0.000000
vt -0.000000 4.039191 0.000000
vt -0.100000 4.263590 0.000000
vt -0.000000 4.263590 0.000000
vt -1.483246 -0.223563 0.000000
vt 1.483246 -0.223563 0.000000
vt -1.500000 -0.000000 0.000000
vt 1.500000 0.000000 0.000000
vt -1.483246 0.223563 0.000000
vt 1.483246 0.223563 0.000000
vt -1.433359 0.442133 0.000000
vt 1.433359 0.442133 0.000000
vt -1.351453 0.650826 0.000000
vt 1.351453 0.650826 0.000000
vt -1.239358 0.844980 0.000000
vt 1.239358 0.844980 0.000000
vt -1.099578 1.020259 0.000000
vt 1.099578 1.020259 0.000000
vt -0.935235 1.172747 0.000000
vt 0.935235 1.172747 0.000000
vt -0.750000 1.299038 0.000000
vt 0.750000 1.299038 0.000000
vt -0.548012 1.396311 0.000000
vt 0.548012 1.396311 0.000000
vt -0.333781 1.462392 0.000000
vt 0.333781 1.462392 0.000000
vt -0.112095 1.495806 0.000000
vt 0.112095 1.495806 0.000000
vt 1.433359 -0.442133 0.000000
vt -1.433359 -0.442133 0.000000
vt 1.351453 -0.650826 0.000000
vt -1.351453 -0.650826 0.000000
vt 1.239358 -0.844980 0.000000
vt -1.239358 -0.844980 0.000000
vt 1.099578 -1.020259 0.000000
vt -1.099578 -1.020259 0.000000
vt 0.935235 -1.172747 0.000000
vt -0.935235 -1.172747 0.000000
vt 0.750000 -1.299038 0.000000
vt -0.750000 -1.299038 0.000000
vt 0.548012 -1.396311 0.000000
vt -0.548012 -1.396311 0.000000
vt 0.333781 -1.462392 0.000000
vt -0.333781 -1.462392 0.000000
vt 0.112095 -1.495806 0.000000
vt -0.112095 -1.495806 0.000000
vt 1.483246 0.223563 0.000000
vt -1.483246 0.223563 0.000000
vt 1.500000 -0.000000 0.000000
vt -1.500000 0.000000 0.000000
vt 1.483246 -0.223563 0.000000
vt -1.483246 -0.223563 0.000000
vt 1.433359 -0.442133 0.000000
vt -1.433359 -0.442133 0.000000
vt 1.351453 -0.650826 0.000000
vt -1.351453 -0.650826 0.000000
vt 1.239358 -0.844980 0.000000
vt -1.239358 -0.844980 0.000000
vt 1.099578 -1.020259 0.000000
vt -1.099578 -1.020259 0.000000
vt 0.935235 -1.172747 0.000000
vt -0.935235 -1.172747 0.000000
vt 0.750000 -1.299038 0.000000
vt -0.750000 -1.299038 0.000000
vt 0.548012 -1.396311 0.000000
vt -0.548012 -1.396311 0.000000
vt 0.333781 -1.462392 0.000000
vt -0.333781 -1.462392 0.000000
vt 0.112095 -1.495806 0.000000
vt -0.112095 -1.495806 0.000000
vt -1.433359 0.442133 0.000000
vt 1.433359 0.442133 0.000000
vt -1.351453 0.650826 0.000000
vt 1.351453 0.650826 0.000000
vt -1.239358 0.844980 0.000000
vt 1.239358 0.844980 0.000000
vt -1.099578 1.020259 0.000000
vt 1.099578 1.020259 0.000000
vt -0.935235 1.172747 0.000000
vt 0.935235 1.172747 0.000000
vt -0.750000 1.299038 0.000000
vt 0.750000 1.299038 0.000000
vt -0.548012 1.396311 0.000000
vt 0.548012 1.396311 0.000000
vt -0.333781 1.462392 0.000000
vt 0.333781 1.462392 0.000000
vt -0.112095 1.495806 0.000000
vt 0.112095 1.495806 0.000000
vn -0.988831 -0.000000 0.149042
vn -0.988831 -0.000000 0.149042
vn -1.000000 -0.000000 0.000000
vn -1.000000 -0.000000 0.000000
vn -0.988831 -0.000000 -0.149042
vn -0.988831 -0.000000 -0.149042
vn -0.955573 -0.000000 -0.294755
vn -0.955573 -0.000000 -0.294755
vn -0.900969 -0.000000 -0.433884
vn -0.900969 -0.000000 -0.433884
vn -0.826239 -0.000000 -0.563320
vn -0.826239 -0.000000 -0.563320
vn -0.733052 -0.000000 -0.680173
vn -0.733052 -0.000000 -0.680173
vn -0.623490 -0.000000 -0.781831
vn -0.623490 -0.000000 -0.781831
vn -0.500000 -0.000000 -0.866025
vn -0.500000 -0.000000 -0.866025
vn -0.365341 -0.000000 -0.930874
vn -0.365341 -0.000000 -0.930874
vn -0.222521 -0.000000 -0.974928
vn -0.222521 -0.000000 -0.974928
vn -0.074730 -0.000000 -0.997204
vn -0.074730 -0.000000 -0.997204
vn 0.074730 -0.000000 -0.997204
vn 0.074730 -0.000000 -0.997204
vn 0.222521 -0.000000 -0.974928
vn 0.222521 -0.000000 -0.974928
vn 0.365341 -0.000000 -0.930874
vn 0.365341 -0.000000 -0.930874
vn 0.500000 -0.000000 -0.866025
vn 0.500000 -0.000000 -0.866025
vn 0.623490 -0.000000 -0.781831
vn 0.623490 -0.000000 -0.781831
vn 0.733052 -0.000000 -0.680173
vn 0.733052 -0.000000 -0.680173
vn 0.826239 -0.000000 -0.563320
vn 0.826239 -0.000000 -0.563320
vn 0.900969 -0.000000 -0.433884
vn 0.900969 -0.000000 -0.433884
vn 0.955573 -0.000000 -0.294755
vn 0.955573 -0.000000 -0.294755
vn 0.988831 -0.000000 -0.149042
vn 0.988831 -0.000000 -0.149042
vn 1.000000 0.000000 -0.000000
vn 1.000000 0.000000 -0.000000
vn 0.988831 0.000000 0.149042
vn 0.988831 0.000000 0.149042
vn 0.955573 0.000000 0.294755
vn 0.955573 0.000000 0.294755
vn 0.900969 0.000000 0.433884
vn 0.900969 0.000000 0.433884
vn 0.826239 0.000000 0.563320
vn 0.826239 0.000000 0.563320
vn 0.733052 0.000000 0.680173
vn 0.733052 0.000000 0.680173
vn 0.623490 0.000000 0.781831
vn 0.623490 0.000000 0.781831
vn 0.500000 0.000000 0.866025
vn 0.500000 0.000000 0.866025
vn 0.365341 0.000000 0.930874
vn 0.365341 0.000000 0.930874
vn 0.222521 0.000000 0.974928
vn 0.222521 0.000000 0.974928
vn 0.074730 0.000000 0.997204
vn 0.074730 0.000000 0.997204
vn -0.074730 -0.000000 0.997204
vn -0.074730 -0.000000 0.997204
vn -0.222521 -0.000000 0.974928
vn -0.222521 -0.000000 0.974928
vn -0.365341 -0.000000 0.930874
vn -0.365341 -0.000000 0.930874
vn -0.500000 -0.000000 0.866025
vn -0.500000 -0.000000 0.866025
vn -0.623490 -0.000000 0.781831
vn -0.623490 -0.000000 0.781831
vn -0.733052 -0.000000 0.680173
vn -0.733052 -0.000000 0.680173
vn -0.826239 -0.000000 0.563320
vn -0.826239 -0.000000 0.563320
vn -0.900969 -0.000000 0.433884
vn -0.900969 -0.000000 0.433884
vn -0.955573 -0.000000 0.294755
vn -0.955573 -0.000000 0.294755
vn 0.000000 -1.000000 0.000000
vn 0.000000 -1.000000 0.000000
vn 0.000000 -1.000000 0.000000
vn 0.000000 -1.000000 0.000000
vn 0.000000 -1.000000 0.000000
vn 0.000000 -1.000000 0.000000
vn 0.000000 -1.000000 0.000000
vn 0.000000 -1.000000 0.000000
vn 0.000000 -1.000000 0.000000
vn 0.000000 -1.000000 0.000000
vn 0.000000 -1.000000 0.000000
vn 0.000000 -1.000000 0.000000
vn 0.000000 -1.000000 0.000000
vn 0.000000 -1.000000 0.000000
vn 0.000000 -1.000000 0.000000
vn 0.000000 -1.000000 0.000000
vn 0.000000 -1.000000 0.000000
vn 0.000000 -1.000000 0.000000
vn 0.000000 -1.000000 0.000000
vn 0.000000 -1.000000 0.000000
vn 0.000000 -1.000000 0.000000
vn 0.000000 -1.000000 0.000000
vn 0.000000 -1.000000 0.000000
vn 0.000000 -1.000000 0.000000
vn 0.000000 -1.000000 0.000000
vn 0.000000 -1.000000 0.000000
vn 0.000000 -1.000000 0.000000
vn 0.000000 -1.000000 0.000000
vn 0.000000 -1.000000 0.000000
vn 0.000000 -1.000000 0.000000
vn 0.000000 -1.000000 0.000000
vn 0.000000 -1.000000 0.000000
vn 0.000000 -1.000000 0.000000
vn 0.000000 -1.000000 0.000000
vn 0.000000 -1.000000 0.000000
vn 0.000000 -1.000000 0.000000
vn 0.000000 -1.000000 0.000000
vn 0.000000 -1.000000 0.000000
vn 0.000000 -1.000000 0.000000
vn 0.000000 -1.000000 0.000000
vn 0.000000 -1.000000 0.000000
vn 0.000000 -1.000000 0.000000
vn -0.000000 1.000000 -0.000000
vn -0.000000 1.000000 -0.000000
vn -0.000000 1.000000 -0.000000
vn -0.000000 1.000000 -0.000000
vn -0.000000 1.000000 -0.000000
vn -0.000000 1.000000 -0.000000
vn -0.000000 1.000000 -0.000000
vn -0.000000 1.000000 -0.000000
vn -0.000000 1.000000 -0.000000
vn -0.000000 1.000000 -0.000000
vn -0.000000 1.000000 -0.000000
vn -0.000000 1.000000 -0.000000
vn -0.000000 1.000000 -0.000000
vn -0.000000 1.000000 -0.000000
vn -0.000000 1.000000 -0.000000
vn -0.000000 1.000000 -0.000000
vn -0.000000 1.000000 -0.000000
vn -0.000000 1.000000 -0.000000
vn -0.000000 1.000000 -0.000000
vn -0.000000 1.000000 -0.000000
vn -0.000000 1.000000 -0.000000
vn -0.000000 1.000000 -0.000000
vn -0.000000 1.000000 -0.000000
vn -0.000000 1.000000 -0.000000
vn -0.000000 1.000000 -0.000000
vn -0.000000 1.000000 -0.000000
vn -0.000000 1.000000 -0.000000
vn -0.000000 1.000000 -0.000000
vn -0.000000 1.000000 -0.000000
vn -0.000000 1.000000 -0.000000
vn -0.000000 1.000000 -0.000000
vn -0.000000 1.000000 -0.000000
vn -0.000000 1.000000 -0.000000
vn -0.000000 1.000000 -0.000000
vn -0.000000 1.000000 -0.000000
vn -0.000000 1.000000 -0.000000
vn -0.000000 1.000000 -0.000000
vn -0.000000 1.000000 -0.000000
vn -0.000000 1.000000 -0.000000
vn -0.000000 1.000000 -0.000000
vn -0.000000 1.000000 -0.000000
vn -0.000000 1.000000 -0.000000
usemtl Steel_-_Satin
f 98/173/167 180/174/168 97/175/169
f 97/175/169 180/174/168 139/176/170
f 97/177/169 139/178/170 138/179/171
f 138/179/171 139/178/170 140/180/172
f 138/179/171 140/180/172 137/181/173
f 137/181/173 140/180/172 141/182/174
f 137/181/173 141/182/174 136/183/175
f 136/183/175 141/182/174 142/184/176
f 136/183/175 142/184/176 135/185/177
f 135/185/177 142/184/176 143/186/178
f 135/185/177 143/186/178 134/187/179
f 134/187/179 143/186/178 144/188/180
f 134/187/179 144/188/180 133/189/181
f 133/189/181 144/188/180 145/190/182
f 133/189/181 145/190/182 132/191/183
f 132/191/183 145/190/182 146/192/184
f 132/191/183 146/192/184 131/193/185
f 131/193/185 146/192/184 147/194/186
f 131/193/185 147/194/186 130/195/187
f 130/195/187 147/194/186 148/196/188
f 130/195/187 148/196/188 129/197/189
f 129/197/189 148/196/188 149/198/190
f 129/197/189 149/198/190 128/199/191
f 128/199/191 149/198/190 150/200/192
f 128/199/191 150/200/192 127/201/193
f 127/201/193 150/200/192 151/202/194
f 127/201/193 151/202/194 126/203/195
f 126/203/195 151/202/194 152/204/196
f 126/203/195 152/204/196 125/205/197
f 125/205/197 152/204/196 153/206/198
f 125/205/197 153/206/198 124/207/199
f 124/207/199 153/206/198 154/208/200
f 124/207/199 154/208/200 123/209/201
f 123/209/201 154/208/200 155/210/202
f 123/209/201 155/210/202 122/211/203
f 122/211/203 155/210/202 156/212/204
f 122/211/203 156/212/204 121/213/205
f 121/213/205 156/212/204 157/214/206
f 121/213/205 157/214/206 120/215/207
f 120/215/207 157/214/206 158/216/208
f 120/215/207 158/216/208 119/217/209
f 119/217/209 158/216/208 159/218/210
f 119/217/209 159/218/210 118/219/211
f 118/219/211 159/218/210 160/220/212
f 118/219/211 160/220/212 117/221/213
f 117/221/213 160/220/212 161/222/214
f 117/221/213 161/222/214 116/223/215
f 116/223/215 161/222/214 162/224/216
f 116/223/215 162/224/216 115/225/217
f 115/225/217 162/224/216 163/226/218
f 115/225/217 163/226/218 114/227/219
f 114/227/219 163/226/218 164/228/220
f 114/227/219 164/228/220 113/229/221
f 113/229/221 164/228/220 165/230/222
f 113/229/221 165/230/222 112/231/223
f 112/231/223 165/230/222 166/232/224
f 112/231/223 166/232/224 111/233/225
f 111/233/225 166/232/224 167/234/226
f 111/233/225 167/234/226 110/235/227
f 110/235/227 167/234/226 168/236/228
f 110/235/227 168/236/228 109/237/229
f 109/237/229 168/236/228 169/238/230
f 109/237/229 169/238/230 108/239/231
f 108/239/231 169/238/230 170/240/232
f 108/239/231 170/240/232 107/241/233
f 107/241/233 170/240/232 171/242/234
f 107/241/233 171/242/234 106/243/235
f 106/243/235 171/242/234 172/244/236
f 106/243/235 172/244/236 105/245/237
f 105/245/237 172/244/236 173/246/238
f 105/245/237 173/246/238 104/247/239
f 104/247/239 173/246/238 174/248/240
f 104/247/239 174/248/240 103/249/241
f 103/249/241 174/248/240 175/250/242
f 103/249/241 175/250/242 102/251/243
f 102/251/243 175/250/242 176/252/244
f 102/251/243 176/252/244 101/253/245
f 101/253/245 176/252/244 177/254/246
f 101/253/245 177/254/246 100/255/247
f 100/255/247 177/254/246 178/256/248
f 100/255/247 178/256/248 99/257/249
f 99/257/249 178/256/248 179/258/250
f 99/257/249 179/258/250 98/173/167
f 98/173/167 179/258/250 180/174/168
f 138/259/251 119/260/252 97/261/253
f 97/261/253 119/260/252 118/262/254
f 97/261/253 118/262/254 98/263/255
f 98/263/255 118/262/254 117/264/256
f 98/263/255 117/264/256 99/265/257
f 99/265/257 117/264/256 116/266/258
f 99/265/257 116/266/258 100/267/259
f 100/267/259 116/266/258 115/268/260
f 100/267/259 115/268/260 101/269/261
f 101/269/261 115/268/260 114/270/262
f 101/269/261 114/270/262 102/271/263
f 102/271/263 114/270/262 113/272/264
f 102/271/263 113/272/264 103/273/265
f 103/273/265 113/272/264 112/274/266
f 103/273/265 112/274/266 104/275/267
f 104/275/267 112/274/266 111/276/268
f 104/275/267 111/276/268 105/277/269
f 105/277/269 111/276/268 110/278/270
f 105/277/269 110/278/270 106/279/271
f 106/279/271 110/278/270 109/280/272
f 106/279/271 109/280/272 107/281/273
f 107/281/273 109/280/272 108/282/274
f 119/260/252 138/259/251 120/283/275
f 120/283/275 138/259/251 137/284/276
f 120/283/275 137/284/276 121/285/277
f 121/285/277 137/284/276 136/286/278
f 121/285/277 136/286/278 122/287/279
f 122/287/279 136/286/278 135/288/280
f 122/287/279 135/288/280 123/289/281
f 123/289/281 135/288/280 134/290/282
f 123/289/281 134/290/282 124/291/283
f 124/291/283 134/290/282 133/292/284
f 124/291/283 133/292/284 125/293/285
f 125/293/285 133/292/284 132/294/286
f 125/293/285 132/294/286 126/295/287
f 126/295/287 132/294/286 131/296/288
f 126/295/287 131/296/288 127/297/289
f 127/297/289 131/296/288 130/298/290
f 127/297/289 130/298/290 128/299/291
f 128/299/291 130/298/290 129/300/292
f 180/301/293 161/302/294 139/303/295
f 139/303/295 161/302/294 160/304/296
f 139/303/295 160/304/296 140/305/297
f 140/305/297 160/304/296 159/306/298
f 140/305/297 159/306/298 141/307/299
f 141/307/299 159/306/298 158/308/300
f 141/307/299 158/308/300 142/309/301
f 142/309/301 158/308/300 157/310/302
f 142/309/301 157/310/302 143/311/303
f 143/311/303 157/310/302 156/312/304
f 143/311/303 156/312/304 144/313/305
f 144/313/305 156/312/304 155/314/306
f 144/313/305 155/314/306 145/315/307
f 145/315/307 155/314/306 154/316/308
f 145/315/307 154/316/308 146/317/309
f 146/317/309 154/316/308 153/318/310
f 146/317/309 153/318/310 147/319/311
f 147/319/311 153/318/310 152/320/312
f 147/319/311 152/320/312 148/321/313
f 148/321/313 152/320/312 151/322/314
f 148/321/313 151/322/314 149/323/315
f 149/323/315 151/322/314 150/324/316
f 161/302/294 180/301/293 162/325/317
f 162/325/317 180/301/293 179/326/318
f 162/325/317 179/326/318 163/327/319
f 163/327/319 179/326/318 178/328/320
f 163/327/319 178/328/320 164/329/321
f 164/329/321 178/328/320 177/330/322
f 164/329/321 177/330/322 165/331/323
f 165/331/323 177/330/322 176/332/324
f 165/331/323 176/332/324 166/333/325
f 166/333/325 176/332/324 175/334/326
f 166/333/325 175/334/326 167/335/327
f 167/335/327 175/334/326 174/336/328
f 167/335/327 174/336/328 168/337/329
f 168/337/329 174/336/328 173/338/330
f 168/337/329 173/338/330 169/339/331
f 169/339/331 173/338/330 172/340/332
f 169/339/331 172/340/332 170/341/333
f 170/341/333 172/340/332 171/342/334
g Body4

v 13.568961 -0.100000 -0.023561
v 13.585715 -0.100000 0.200002
v 13.635602 -0.100000 0.418572
v 13.717508 -0.100000 0.627265
v 13.829603 -0.100000 0.821419
v 13.969383 -0.100000 0.996698
v 14.133726 -0.100000 1.149186
v 14.318961 -0.100000 1.275477
v 14.520949 -0.100000 1.372750
v 14.735180 -0.100000 1.438831
v 14.956866 -0.100000 1.472245
v 15.181056 -0.100000 1.472245
v 15.402742 -0.100000 1.438831
v 15.616973 -0.100000 1.372750
v 15.818961 -0.100000 1.275477
v 16.004196 -0.100000 1.149186
v 16.168539 -0.100000 0.996698
v 16.308319 -0.100000 0.821419
v 16.420414 -0.100000 0.627265
v 16.502320 -0.100000 0.418572
v 16.552207 -0.100000 0.200002
v 16.568961 -0.100000 -0.023561
v 16.552207 -0.100000 -0.247124
v 16.502320 -0.100000 -0.465694
v 16.420414 -0.100000 -0.674387
v 16.308319 -0.100000 -0.868541
v 16.168539 -0.100000 -1.043820
v 16.004196 -0.100000 -1.196308
v 15.818961 -0.100000 -1.322599
v 15.616973 -0.100000 -1.419872
v 15.402742 -0.100000 -1.485953
v 15.181056 -0.100000 -1.519367
v 14.956866 -0.100000 -1.519367
v 14.735180 -0.100000 -1.485953
v 14.520949 -0.100000 -1.419872
v 14.318961 -0.100000 -1.322599
v 14.133726 -0.100000 -1.196308
v 13.969383 -0.100000 -1.043820
v 13.829603 -0.100000 -0.868541
v 13.717508 -0.100000 -0.674387
v 13.635602 -0.100000 -0.465694
v 13.585715 -0.100000 -0.247124
v 13.568961 0.000000 -0.023561
v 13.585715 0.000000 -0.247124
v 13.635602 0.000000 -0.465694
v 13.717508 0.000000 -0.674387
v 13.829603 0.000000 -0.868541
v 13.969383 0.000000 -1.043820
v 14.133726 0.000000 -1.196308
v 14.318961 0.000000 -1.322599
v 14.520949 0.000000 -1.419872
v 14.735180 0.000000 -1.485953
v 14.956866 0.000000 -1.519367
v 15.181056 0.000000 -1.519367
v 15.402742 0.000000 -1.485953
v 15.616973 0.000000 -1.419872
v 15.818961 0.000000 -1.322599
v 16.004196 0.000000 -1.196308
v 16.168539 0.000000 -1.043820
v 16.308319 0.000000 -0.868541
v 16.420414 0.000000 -0.674387
v 16.502320 0.000000 -0.465694
v 16.552207 0.000000 -0.247124
v 16.568961 0.000000 -0.023561
v 16.552207 0.000000 0.200002
v 16.502320 0.000000 0.418572
v 16.420414 0.000000 0.627265
v 16.308319 0.000000 0.821419
v 16.168539 0.000000 0.996698
v 16.004196 0.000000 1.149186
v 15.818961 0.000000 1.275477
v 15.616973 0.000000 1.372750
v 15.402742 0.000000 1.438831
v 15.181056 0.000000 1.472245
v 14.956866 0.000000 1.472245
v 14.735180 0.000000 1.438831
v 14.520949 0.000000 1.372750
v 14.318961 0.000000 1.275477
v 14.133726 0.000000 1.149186
v 13.969383 0.000000 0.996698
v 13.829603 0.000000 0.821419
v 13.717508 0.000000 0.627265
v 13.635602 0.000000 0.418572
v 13.585715 0.000000 0.200002
vt -0.100000 4.487990 0.000000
vt -0.000000 4.487990 0.000000
vt -0.100000 4.712389 0.000000
vt 0.000000 4.712389 0.000000
vt -0.100000 -4.712389 0.000000
vt 0.000000 -4.712389 0.000000
vt -0.100000 -4.487990 0.000000
vt 0.000000 -4.487990 0.000000
vt -0.100000 -4.263590 0.000000
vt 0.000000 -4.263590 0.000000
vt -0.100000 -4.039191 0.000000
vt 0.000000 -4.039191 0.000000
vt -0.100000 -3.814791 0.000000
vt -0.000000 -3.814791 0.000000
vt -0.100000 -3.590392 0.000000
vt 0.000000 -3.590392 0.000000
vt -0.100000 -3.365992 0.000000
vt -0.000000 -3.365992 0.000000
vt -0.100000 -3.141593 0.000000
vt 0.000000 -3.141593 0.000000
vt -0.100000 -2.917193 0.000000
vt -0.000000 -2.917193 0.000000
vt -0.100000 -2.692794 0.000000
vt 0.000000 -2.692794 0.000000
vt -0.100000 -2.468394 0.000000
vt 0.000000 -2.468394 0.000000
vt -0.100000 -2.243995 0.000000
vt -0.000000 -2.243995 0.000000
vt -0.100000 -2.019595 0.000000
vt -0.000000 -2.019595 0.000000
vt -0.100000 -1.795196 0.000000
vt -0.000000 -1.795196 0.000000
vt -0.100000 -1.570796 0.000000
vt -0.000000 -1.570796 0.000000
vt -0.100000 -1.346397 0.000000
vt -0.000000 -1.346397 0.000000
vt -0.100000 -1.121997 0.000000
vt -0.000000 -1.121997 0.000000
vt -0.100000 -0.897598 0.000000
vt -0.000000 -0.897598 0.000000
vt -0.100000 -0.673198 0.000000
vt -0.000000 -0.673198 0.000000
vt -0.100000 -0.448799 0.000000
vt -0.000000 -0.448799 0.000000
vt -0.100000 -0.224399 0.000000
vt -0.000000 -0.224399 0.000000
vt -0.100000 0.000000 0.000000
vt -0.000000 0.000000 0.000000
vt -0.100000 0.224399 0.000000
vt -0.000000 0.224399 0.000000
vt -0.100000 0.448799 0.000000
vt -0.000000 0.448799 0.000000
vt -0.100000 0.673198 0.000000
vt -0.000000 0.673198 0.000000
vt -0.100000 0.897598 0.000000
vt -0.000000 0.897598 0.000000
vt -0.100000 1.121997 0.000000
vt -0.000000 1.121997 0.000000
vt -0.100000 1.346397 0.000000
vt -0.000000 1.346397 0.000000
vt -0.100000 1.570796 0.000000
vt -0.000000 1.570796 0.000000
vt -0.100000 1.795196 0.000000
vt -0.000000 1.795196 0.000000
vt -0.100000 2.019595 0.000000
vt -0.000000 2.019595 0.000000
vt -0.100000 2.243995 0.000000
vt -0.000000 2.243995 0.000000
vt -0.100000 2.468394 0.000000
vt -0.000000 2.468394 0.000000
vt -0.100000 2.692794 0.000000
vt -0.000000 2.692794 0.000000
vt -0.100000 2.917193 0.000000
vt -0.000000 2.917193 0.000000
vt -0.100000 3.141593 0.000000
vt -0.000000 3.141593 0.000000
vt -0.100000 3.365992 0.000000
vt -0.000000 3.365992 0.000000
vt -0.100000 3.590392 0.000000
vt -0.000000 3.590392 0.000000
vt -0.100000 3.814791 0.000000
vt -0.000000 3.814791 0.000000
vt -0.100000 4.039191 0.000000
vt -0.000000 4.039191 0.000000
vt -0.100000 4.263590 0.000000
vt -0.000000 4.263590 0.000000
vt -1.483246 -0.223563 0.000000
vt 1.483246 -0.223563 0.000000
vt -1.500000 -0.000000 0.000000
vt 1.500000 0.000000 0.000000
vt -1.483246 0.223563 0.000000
vt 1.483246 0.223563 0.000000
vt -1.433359 0.442133 0.000000
vt 1.433359 0.442133 0.000000
vt -1.351453 0.650826 0.000000
vt 1.351453 0.650826 0.000000
vt -1.239358 0.844980 0.000000
vt 1.239358 0.844980 0.000000
vt -1.099578 1.020259 0.000000
vt 1.099578 1.020259 0.000000
vt -0.935235 1.172747 0.000000
vt 0.935235 1.172747 0.000000
vt -0.750000 1.299038 0.000000
vt 0.750000 1.299038 0.000000
vt -0.548012 1.396311 0.000000
vt 0.548012 1.396311 0.000000
vt -0.333781 1.462392 0.000000
vt 0.333781 1.462392 0.000000
vt -0.112095 1.495806 0.000000
vt 0.112095 1.495806 0.000000
vt 1.433359 -0.442133 0.000000
vt -1.433359 -0.442133 0.000000
vt 1.351453 -0.650826 0.000000
vt -1.351453 -0.650826 0.000000
vt 1.239358 -0.844980 0.000000
vt -1.239358 -0.844980 0.000000
vt 1.099578 -1.020259 0.000000
vt -1.099578 -1.020259 0.000000
vt 0.935235 -1.172747 0.000000
vt -0.935235 -1.172747 0.000000
vt 0.750000 -1.299038 0.000000
vt -0.750000 -1.299038 0.000000
vt 0.548012 -1.396311 0.000000
vt -0.548012 -1.396311 0.000000
vt 0.333781 -1.462392 0.000000
vt -0.333781 -1.462392 0.000000
vt 0.112095 -1.495806 0.000000
vt -0.112095 -1.495806 0.000000
vt 1.483246 0.223563 0.000000
vt -1.483246 0.223563 0.000000
vt 1.500000 -0.000000 0.000000
vt -1.500000 0.000000 0.000000
vt 1.483246 -0.223563 0.000000
vt -1.483246 -0.223563 0.000000
vt 1.433359 -0.442133 0.000000
vt -1.433359 -0.442133 0.000000
vt 1.351453 -0.650826 0.000000
vt -1.351453 -0.650826 0.000000
vt 1.239358 -0.844980 0.000000
vt -1.239358 -0.844980 0.000000
vt 1.099578 -1.020259 0.000000
vt -1.099578 -1.020259 0.000000
vt 0.935235 -1.172747 0.000000
vt -0.935235 -1.172747 0.000000
vt 0.750000 -1.299038 0.000000
vt -0.750000 -1.299038 0.000000
vt 0.548012 -1.396311 0.000000
vt -0.548012 -1.396311 0.000000
vt 0.333781 -1.462392 0.000000
vt -0.333781 -1.462392 0.000000
vt 0.112095 -1.495806 0.000000
vt -0.112095 -1.495806 0.000000
vt -1.433359 0.442133 0.000000
vt 1.433359 0.442133 0.000000
vt -1.351453 0.650826 0.000000
vt 1.351453 0.650826 0.000000
vt -1.239358 0.844980 0.000000
vt 1.239358 0.844980 0.000000
vt -1.099578 1.020259 0.000000
vt 1.099578 1.020259 0.000000
vt -0.935235 1.172747 0.000000
vt 0.935235 1.172747 0.000000
vt -0.750000 1.299038 0.000000
vt 0.750000 1.299038 0.000000
vt -0.548012 1.396311 0.000000
vt 0.548012 1.396311 0.000000
vt -0.333781 1.462392 0.000000
vt 0.333781 1.462392 0.000000
vt -0.112095 1.495806 0.000000
vt 0.112095 1.495806 0.000000
vn -0.988831 -0.000000 0.149042
vn -0.988831 -0.000000 0.149042
vn -1.000000 -0.000000 0.000000
vn -1.000000 -0.000000 0.000000
vn -0.988831 -0.000000 -0.149042
vn -0.988831 -0.000000 -0.149042
vn -0.955573 -0.000000 -0.294755
vn -0.955573 -0.000000 -0.294755
vn -0.900969 -0.000000 -0.433884
vn -0.900969 -0.000000 -0.433884
vn -0.826239 -0.000000 -0.563320
vn -0.826239 -0.000000 -0.563320
vn -0.733052 -0.000000 -0.680173
vn -0.733052 -0.000000 -0.680173
vn -0.623490 -0.000000 -0.781831
vn -0.623490 -0.000000 -0.781831
vn -0.500000 -0.000000 -0.866025
vn -0.500000 -0.000000 -0.866025
vn -0.365341 -0.000000 -0.930874
vn -0.365341 -0.000000 -0.930874
vn -0.222521 -0.000000 -0.974928
vn -0.222521 -0.000000 -0.974928
vn -0.074730 -0.000000 -0.997204
vn -0.074730 -0.000000 -0.997204
vn 0.074730 -0.000000 -0.997204
vn 0.074730 -0.000000 -0.997204
vn 0.222521 -0.000000 -0.974928
vn 0.222521 -0.000000 -0.974928
vn 0.365341 -0.000000 -0.930874
vn 0.365341 -0.000000 -0.930874
vn 0.500000 -0.000000 -0.866025
vn 0.500000 -0.000000 -0.866025
vn 0.623490 -0.000000 -0.781831
vn 0.623490 -0.000000 -0.781831
vn 0.733052 -0.000000 -0.680173
vn 0.733052 -0.000000 -0.680173
vn 0.826239 -0.000000 -0.563320
vn 0.826239 -0.000000 -0.563320
vn 0.900969 -0.000000 -0.433884
vn 0.900969 -0.000000 -0.433884
vn 0.955573 -0.000000 -0.294755
vn 0.955573 -0.000000 -0.294755
vn 0.988831 -0.000000 -0.149042
vn 0.988831 -0.000000 -0.149042
vn 1.000000 0.000000 -0.000000
vn 1.000000 0.000000 -0.000000
vn 0.988831 0.000000 0.149042
vn 0.988831 0.000000 0.149042
vn 0.955573 0.000000 0.294755
vn 0.955573 0.000000 0.294755
vn 0.900969 0.000000 0.433884
vn 0.900969 0.000000 0.433884
vn 0.826239 0.000000 0.563320
vn 0.826239 0.000000 0.563320
vn 0.733052 0.000000 0.680173
vn 0.733052 0.000000 0.680173
vn 0.623490 0.000000 0.781831
vn 0.623490 0.000000 0.781831
vn 0.500000 0.000000 0.866025
vn 0.500000 0.000000 0.866025
vn 0.365341 0.000000 0.930874
vn 0.365341 0.000000 0.930874
vn 0.222521 0.000000 0.974928
vn 0.222521 0.000000 0.974928
vn 0.074730 0.000000 0.997204
vn 0.074730 0.000000 0.997204
vn -0.074730 -0.000000 0.997204
vn -0.074730 -0.000000 0.997204
vn -0.222521 -0.000000 0.974928
vn -0.222521 -0.000000 0.974928
vn -0.365341 -0.000000 0.930874
vn -0.365341 -0.000000 0.930874
vn -0.500000 -0.000000 0.866025
vn -0.500000 -0.000000 0.866025
vn -0.623490 -0.000000 0.781831
vn -0.623490 -0.000000 0.781831
vn -0.733052 -0.000000 0.680173
vn -0.733052 -0.000000 0.680173
vn -0.826239 -0.000000 0.563320
vn -0.826239 -0.000000 0.563320
vn -0.900969 -0.000000 0.433884
vn -0.900969 -0.000000 0.433884
vn -0.955573 -0.000000 0.294755
vn -0.955573 -0.000000 0.294755
vn 0.000000 -1.000000 0.000000
vn 0.000000 -1.000000 0.000000
vn 0.000000 -1.000000 0.000000
vn 0.000000 -1.000000 0.000000
vn 0.000000 -1.000000 0.000000
vn 0.000000 -1.000000 0.000000
vn 0.000000 -1.000000 0.000000
vn 0.000000 -1.000000 0.000000
vn 0.000000 -1.000000 0.000000
vn 0.000000 -1.000000 0.000000
vn 0.000000 -1.000000 0.000000
vn 0.000000 -1.000000 0.000000
vn 0.000000 -1.000000 0.000000
vn 0.000000 -1.000000 0.000000
vn 0.000000 -1.000000 0.000000
vn 0.000000 -1.000000 0.000000
vn 0.000000 -1.000000 0.000000
vn 0.000000 -1.000000 0.000000
vn 0.000000 -1.000000 0.000000
vn 0.000000 -1.000000 0.000000
vn 0.000000 -1.000000 0.000000
vn 0.000000 -1.000000 0.000000
vn 0.000000 -1.000000 0.000000
vn 0.000000 -1.000000 0.000000
vn 0.000000 -1.000000 0.000000
vn 0.000000 -1.000000 0.000000
vn 0.000000 -1.000000 0.000000
vn 0.000000 -1.000000 0.000000
vn 0.000000 -1.000000 0.000000
vn 0.000000 -1.000000 0.000000
vn 0.000000 -1.000000 0.000000
vn 0.000000 -1.000000 0.000000
vn 0.000000 -1.000000 0.000000
vn 0.000000 -1.000000 0.000000
vn 0.000000 -1.000000 0.000000
vn 0.000000 -1.000000 0.000000
vn 0.000000 -1.000000 0.000000
vn 0.000000 -1.000000 0.000000
vn 0.000000 -1.000000 0.000000
vn 0.000000 -1.000000 0.000000
vn 0.000000 -1.000000 0.000000
vn 0.000000 -1.000000 0.000000
vn -0.000000 1.000000 -0.000000
vn -0.000000 1.000000 -0.000000
vn -0.000000 1.000000 -0.000000
vn -0.000000 1.000000 -0.000000
vn -0.000000 1.000000 -0.000000
vn -0.000000 1.000000 -0.000000
vn -0.000000 1.000000 -0.000000
vn -0.000000 1.000000 -0.000000
vn -0.000000 1.000000 -0.000000
vn -0.000000 1.000000 -0.000000
vn -0.000000 1.000000 -0.000000
vn -0.000000 1.000000 -0.000000
vn -0.000000 1.000000 -0.000000
vn -0.000000 1.000000 -0.000000
vn -0.000000 1.000000 -0.000000
vn -0.000000 1.000000 -0.000000
vn -0.000000 1.000000 -0.000000
vn -0.000000 1.000000 -0.000000
vn -0.000000 1.000000 -0.000000
vn -0.000000 1.000000 -0.000000
vn -0.000000 1.000000 -0.000000
vn -0.000000 1.000000 -0.000000
vn -0.000000 1.000000 -0.000000
vn -0.000000 1.000000 -0.000000
vn -0.000000 1.000000 -0.000000
vn -0.000000 1.000000 -0.000000
vn -0.000000 1.000000 -0.000000
vn -0.000000 1.000000 -0.000000
vn -0.000000 1.000000 -0.000000
vn -0.000000 1.000000 -0.000000
vn -0.000000 1.000000 -0.000000
vn -0.000000 1.000000 -0.000000
vn -0.000000 1.000000 -0.000000
vn -0.000000 1.000000 -0.000000
vn -0.000000 1.000000 -0.000000
vn -0.000000 1.000000 -0.000000
vn -0.000000 1.000000 -0.000000
vn -0.000000 1.000000 -0.000000
vn -0.000000 1.000000 -0.000000
vn -0.000000 1.000000 -0.000000
vn -0.000000 1.000000 -0.000000
vn -0.000000 1.000000 -0.000000
f 182/343/335 264/344/336 181/345/337
f 181/345/337 264/344/336 223/346/338
f 181/347/337 223/348/338 222/349/339
f 222/349/339 223/348/338 224/350/340
f 222/349/339 224/350/340 221/351/341
f 221/351/341 224/350/340 225/352/342
f 221/351/341 225/352/342 220/353/343
f 220/353/343 225/352/342 226/354/344
f 220/353/343 226/354/344 219/355/345
f 219/355/345 226/354/344 227/356/346
f 219/355/345 227/356/346 218/357/347
f 218/357/347 227/356/346 228/358/348
f 218/357/347 228/358/348 217/359/349
f 217/359/349 228/358/348 229/360/350
f 217/359/349 229/360/350 216/361/351
f 216/361/351 229/360/350 230/362/352
f 216/361/351 230/362/352 215/363/353
f 215/363/353 230/362/352 231/364/354
f 215/363/353 231/364/354 214/365/355
f 214/365/355 231/364/354 232/366/356
f 214/365/355 232/366/356 213/367/357
f 213/367/357 232/366/356 233/368/358
f 213/367/357 233/368/358 212/369/359
f 212/369/359 233/368/358 234/370/360
f 212/369/359 234/370/360 211/371/361
f 211/371/361 234/370/360 235/372/362
f 211/371/361 235/372/362 210/373/363
f 210/373/363 235/372/362 236/374/364
f 210/373/363 236/374/364 209/375/365
f 209/375/365 236/374/364 237/376/366
f 209/375/365 237/376/366 208/377/367
f 208/377/367 237/376/366 238/378/368
f 208/377/367 238/378/368 207/379/369
f 207/379/369 238/378/368 239/380/370
f 207/379/369 239/380/370 206/381/371
f 206/381/371 239/380/370 240/382/372
f 206/381/371 240/382/372 205/383/373
f 205/383/373 240/382/372 241/384/374
f 205/383/373 241/384/374 204/385/375
f 204/385/375 241/384/374 242/386/376
f 204/385/375 242/386/376 203/387/377
f 203/387/377 242/386/376 243/388/378
f 203/387/377 243/388/378 202/389/379
f 202/389/379 243/388/378 244/390/380
f 202/389/379 244/390/380 201/391/381
f 201/391/381 244/390/380 245/392/382
f 201/391/381 245/392/382 200/393/383
f 200/393/383 245/392/382 246/394/384
f 200/393/383 246/394/384 199/395/385
f 199/395/385 246/394/384 247/396/386
f 199/395/385 247/396/386 198/397/387
f 198/397/387 247/396/386 248/398/388
f 198/397/387 248/398/388 197/399/389
f 197/399/389 248/398/388 249/400/390
f 197/399/389 249/400/390 196/401/391
f 196/401/391 249/400/390 250/402/392
f 196/401/391 250/402/392 195/403/393
f 195/403/393 250/402/392 251/404/394
f 195/403/393 251/404/394 194/405/395
f 194/405/395 251/404/394 252/406/396
f 194/405/395 252/406/396 193/407/397
f 193/407/397 252/406/396 253/408/398
f 193/407/397 253/408/398 192/409/399
f 192/409/399 253/408/398 254/410/400
f 192/409/399 254/410/400 191/411/401
f 191/411/401 254/410/400 255/412/402
f 191/411/401 255/412/402 190/413/403
f 190/413/403 255/412/402 256/414/404
f 190/413/403 256/414/404 189/415/405
f 189/415/405 256/414/404 257/416/406
f 189/415/405 257/416/406 188/417/407
f 188/417/407 257/416/406 258/418/408
f 188/417/407 258/418/408 187/419/409
f 187/419/409 258/418/408 259/420/410
f 187/419/409 259/420/410 186/421/411
f 186/421/411 259/420/410 260/422/412
f 186/421/411 260/422/412 185/423/413
f 185/423/413 260/422/412 261/424/414
f 185/423/413 261/424/414 184/425/415
f 184/425/415 261/424/414 262/426/416
f 184/425/415 262/426/416 183/427/417
f 183/427/417 262/426/416 263/428/418
f 183/427/417 263/428/418 182/343/335
f 182/343/335 263/428/418 264/344/336
f 222/429/419 203/430/420 181/431/421
f 181/431/421 203/430/420 202/432/422
f 181/431/421 202/432/422 182/433/423
f 182/433/423 202/432/422 201/434/424
f 182/433/423 201/434/424 183/435/425
f 183/435/425 201/434/424 200/436/426
f 183/435/425 200/436/426 184/437/427
f 184/437/427 200/436/426 199/438/428
f 184/437/427 199/438/428 185/439/429
f 185/439/429 199/438/428 198/440/430
f 185/439/429 198/440/430 186/441/431
f 186/441/431 198/440/430 197/442/432
f 186/441/431 197/442/432 187/443/433
f 187/443/433 197/442/432 196/444/434
f 187/443/433 196/444/434 188/445/435
f 188/445/435 196/444/434 195/446/436
f 188/445/435 195/446/436 189/447/437
f 189/447/437 195/446/436 194/448/438
f 189/447/437 194/448/438 190/449/439
f 190/449/439 194/448/438 193/450/440
f 190/449/439 193/450/440 191/451/441
f 191/451/441 193/450/440 192/452/442
f 203/430/420 222/429/419 204/453/443
f 204/453/443 222/429/419 221/454/444
f 204/453/443 221/454/444 205/455/445
f 205/455/445 221/454/444 220/456/446
f 205/455/445 220/456/446 206/457/447
f 206/457/447 220/456/446 219/458/448
f 206/457/447 219/458/448 207/459/449
f 207/459/449 219/458/448 218/460/450
f 207/459/449 218/460/450 208/461/451
f 208/461/451 218/460/450 217/462/452
f 208/461/451 217/462/452 209/463/453
f 209/463/453 217/462/452 216/464/454
f 209/463/453 216/464/454 210/465/455
f 210/465/455 216/464/454 215/466/456
f 210/465/455 215/466/456 211/467/457
f 211/467/457 215/466/456 214/468/458
f 211/467/457 214/468/458 212/469/459
f 212/469/459 214/468/458 213/470/460
f 264/471/461 245/472/462 223/473/463
f 223/473/463 245/472/462 244/474/464
f 223/473/463 244/474/464 224/475/465
f 224/475/465 244/474/464 243/476/466
f 224/475/465 243/476/466 225/477/467
f 225/477/467 243/476/466 242/478/468
f 225/477/467 242/478/468 226/479/469
f 226/479/469 242/478/468 241/480/470
f 226/479/469 241/480/470 227/481/471
f 227/481/471 241/480/470 240/482/472
f 227/481/471 240/482/472 228/483/473
f 228/483/473 240/482/472 239/484/474
f 228/483/473 239/484/474 229/485/475
f 229/485/475 239/484/474 238/486/476
f 229/485/475 238/486/476 230/487/477
f 230/487/477 238/486/476 237/488/478
f 230/487/477 237/488/478 231/489/479
f 231/489/479 237/488/478 236/490/480
f 231/489/479 236/490/480 232/491/481
f 232/491/481 236/490/480 235/492/482
f 232/491/481 235/492/482 233/493/483
f 233/493/483 235/492/482 234/494/484
f 245/472/462 264/471/461 246/495/485
f 246/495/485 264/471/461 263/496/486
f 246/495/485 263/496/486 247/497/487
f 247/497/487 263/496/486 262/498/488
f 247/497/487 262/498/488 248/499/489
f 248/499/489 262/498/488 261/500/490
f 248/499/489 261/500/490 249/501/491
f 249/501/491 261/500/490 260/502/492
f 249/501/491 260/502/492 250/503/493
f 250/503/493 260/502/492 259/504/494
f 250/503/493 259/504/494 251/505/495
f 251/505/495 259/504/494 258/506/496
f 251/505/495 258/506/496 252/507/497
f 252/507/497 258/506/496 257/508/498
f 252/507/497 257/508/498 253/509/499
f 253/509/499 257/508/498 256/510/500
f 253/509/499 256/510/500 254/511/501
f 254/511/501 256/510/500 255/512/502
g Body5

v 9.250000 -0.100000 -0.000000
v 9.258377 -0.100000 0.111782
v 9.283320 -0.100000 0.221066
v 9.324273 -0.100000 0.325413
v 9.380321 -0.100000 0.422490
v 9.450211 -0.100000 0.510130
v 9.532383 -0.100000 0.586374
v 9.625000 -0.100000 0.649519
v 9.725994 -0.100000 0.698155
v 9.833109 -0.100000 0.731196
v 9.943952 -0.100000 0.747903
v 10.056048 -0.100000 0.747903
v 10.166891 -0.100000 0.731196
v 10.274006 -0.100000 0.698155
v 10.375000 -0.100000 0.649519
v 10.467617 -0.100000 0.586374
v 10.549789 -0.100000 0.510130
v 10.619679 -0.100000 0.422490
v 10.675727 -0.100000 0.325413
v 10.716680 -0.100000 0.221066
v 10.741623 -0.100000 0.111782
v 10.750000 -0.100000 0.000000
v 10.741623 -0.100000 -0.111782
v 10.716680 -0.100000 -0.221066
v 10.675727 -0.100000 -0.325413
v 10.619679 -0.100000 -0.422490
v 10.549789 -0.100000 -0.510130
v 10.467617 -0.100000 -0.586374
v 10.375000 -0.100000 -0.649519
v 10.274006 -0.100000 -0.698155
v 10.166891 -0.100000 -0.731196
v 10.056048 -0.100000 -0.747903
v 9.943952 -0.100000 -0.747903
v 9.833109 -0.100000 -0.731196
v 9.725994 -0.100000 -0.698155
v 9.625000 -0.100000 -0.649519
v 9.532383 -0.100000 -0.586374
v 9.450211 -0.100000 -0.510130
v 9.380321 -0.100000 -0.422490
v 9.324273 -0.100000 -0.325413
v 9.283320 -0.100000 -0.221066
v 9.258377 -0.100000 -0.111782
v 9.250000 0.000000 -0.000000
v 9.258377 0.000000 -0.111782
v 9.283320 0.000000 -0.221066
v 9.324273 0.000000 -0.325413
v 9.380321 0.000000 -0.422490
v 9.450211 0.000000 -0.510130
v 9.532383 0.000000 -0.586374
v 9.625000 0.000000 -0.649519
v 9.725994 0.000000 -0.698155
v 9.833109 0.000000 -0.731196
v 9.943952 0.000000 -0.747903
v 10.056048 0.000000 -0.747903
v 10.166891 0.000000 -0.731196
v 10.274006 0.000000 -0.698155
v 10.375000 0.000000 -0.649519
v 10.467617 0.000000 -0.586374
v 10.549789 0.000000 -0.510130
v 10.619679 0.000000 -0.422490
v 10.675727 0.000000 -0.325413
v 10.716680 0.000000 -0.221066
v 10.741623 0.000000 -0.111782
v 10.750000 0.000000 0.000000
v 10.741623 0.000000 0.111782
v 10.716680 0.000000 0.221066
v 10.675727 0.000000 0.325413
v 10.619679 0.000000 0.422490
v 10.549789 0.000000 0.510130
v 10.467617 0.000000 0.586374
v 10.375000 0.000000 0.649519
v 10.274006 0.000000 0.698155
v 10.166891 0.000000 0.731196
v 10.056048 0.000000 0.747903
v 9.943952 0.000000 0.747903
v 9.833109 0.000000 0.731196
v 9.725994 0.000000 0.698155
v 9.625000 0.000000 0.649519
v 9.532383 0.000000 0.586374
v 9.450211 0.000000 0.510130
v 9.380321 0.000000 0.422490
v 9.324273 0.000000 0.325413
v 9.283320 0.000000 0.221066
v 9.258377 0.000000 0.111782
vt -0.100000 2.243995 0.000000
vt -0.000000 2.243995 0.000000
vt -0.100000 2.356194 0.000000
vt 0.000000 2.356194 0.000000
vt -0.100000 -2.356194 0.000000
vt 0.000000 -2.356194 0.000000
vt -0.100000 -2.243995 0.000000
vt 0.000000 -2.243995 0.000000
vt -0.100000 -2.131795 0.000000
vt 0.000000 -2.131795 0.000000
vt -0.100000 -2.019595 0.000000
vt 0.000000 -2.019595 0.000000
vt -0.100000 -1.907396 0.000000
vt 0.000000 -1.907396 0.000000
vt -0.100000 -1.795196 0.000000
vt -0.000000 -1.795196 0.000000
vt -0.100000 -1.682996 0.000000
vt -0.000000 -1.682996 0.000000
vt -0.100000 -1.570796 0.000000
vt 0.000000 -1.570796 0.000000
vt -0.100000 -1.458597 0.000000
vt 0.000000 -1.458597 0.000000
vt -0.100000 -1.346397 0.000000
vt 0.000000 -1.346397 0.000000
vt -0.100000 -1.234197 0.000000
vt 0.000000 -1.234197 0.000000
vt -0.100000 -1.121997 0.000000
vt -0.000000 -1.121997 0.000000
vt -0.100000 -1.009798 0.000000
vt -0.000000 -1.009798 0.000000
vt -0.100000 -0.897598 0.000000
vt -0.000000 -0.897598 0.000000
vt -0.100000 -0.785398 0.000000
vt -0.000000 -0.785398 0.000000
vt -0.100000 -0.673198 0.000000
vt -0.000000 -0.673198 0.000000
vt -0.100000 -0.560999 0.000000
vt -0.000000 -0.560999 0.000000
vt -0.100000 -0.448799 0.000000
vt -0.000000 -0.448799 0.000000
vt -0.100000 -0.336599 0.000000
vt -0.000000 -0.336599 0.000000
vt -0.100000 -0.224399 0.000000
vt -0.000000 -0.224399 0.000000
vt -0.100000 -0.112200 0.000000
vt -0.000000 -0.112200 0.000000
vt -0.100000 0.000000 0.000000
vt -0.000000 0.000000 0.000000
vt -0.100000 0.112200 0.000000
vt -0.000000 0.112200 0.000000
vt -0.100000 0.224399 0.000000
vt -0.000000 0.224399 0.000000
vt -0.100000 0.336599 0.000000
vt -0.000000 0.336599 0.000000
vt -0.100000 0.448799 0.000000
vt -0.000000 0.448799 0.000000
vt -0.100000 0.560999 0.000000
vt -0.000000 0.560999 0.000000
vt -0.100000 0.673198 0.000000
vt -0.000000 0.673198 0.000000
vt -0.100000 0.785398 0.000000
vt -0.000000 0.785398 0.000000
vt -0.100000 0.897598 0.000000
vt -0.000000 0.897598 0.000000
vt -0.100000 1.009798 0.000000
vt -0.000000 1.009798 0.000000
vt -0.100000 1.121997 0.000000
vt -0.000000 1.121997 0.000000
vt -0.100000 1.234197 0.000000
vt -0.000000 1.234197 0.000000
vt -0.100000 1.346397 0.000000
vt -0.000000 1.346397 0.000000
vt -0.100000 1.458597 0.000000
vt -0.000000 1.458597 0.000000
vt -0.100000 1.570796 0.000000
vt -0.000000 1.570796 0.000000
vt -0.100000 1.682996 0.000000
vt -0.000000 1.682996 0.000000
vt -0.100000 1.795196 0.000000
vt -0.000000 1.795196 0.000000
vt -0.100000 1.907396 0.000000
vt -0.000000 1.907396 0.000000
vt -0.100000 2.019595 0.000000
vt -0.000000 2.019595 0.000000
vt -0.100000 2.131795 0.000000
vt -0.000000 2.131795 0.000000
vt -0.741623 -0.111782 0.000000
vt 0.741623 -0.111782 0.000000
vt -0.750000 -0.000000 0.000000
vt 0.750000 0.000000 0.000000
vt -0.741623 0.111782 0.000000
vt 0.741623 0.111782 0.000000
vt -0.716680 0.221066 0.000000
vt 0.716680 0.221066 0.000000
vt -0.675727 0.325413 0.000000
vt 0.675727 0.325413 0.000000
vt -0.619679 0.422490 0.000000
vt 0.619679 0.422490 0.000000
vt -0.549789 0.510130 0.000000
vt 0.549789 0.510130 0.000000
vt -0.467617 0.586374 0.000000
vt 0.467617 0.586374 0.000000
vt -0.375000 0.649519 0.000000
vt 0.375000 0.649519 0.000000
vt -0.274006 0.698155 0.000000
vt 0.274006 0.698155 0.000000
vt -0.166891 0.731196 0.000000
vt 0.166891 0.731196 0.000000
vt -0.056048 0.747903 0.000000
vt 0.056048 0.747903 0.000000
vt 0.716680 -0.221066 0.000000
vt -0.716680 -0.221066 0.000000
vt 0.675727 -0.325413 0.000000
vt -0.675727 -0.325413 0.000000
vt 0.619679 -0.422490 0.000000
vt -0.619679 -0.422490 0.000000
vt 0.549789 -0.510130 0.000000
vt -0.549789 -0.510130 0.000000
vt 0.467617 -0.586374 0.000000
vt -0.467617 -0.586374 0.000000
vt 0.375000 -0.649519 0.000000
vt -0.375000 -0.649519 0.000000
vt 0.274006 -0.698155 0.000000
vt -0.274006 -0.698155 0.000000
vt 0.166891 -0.731196 0.000000
vt -0.166891 -0.731196 0.000000
vt 0.056048 -0.747903 0.000000
vt -0.056048 -0.747903 0.000000
vt 0.741623 0.111782 0.000000
vt -0.741623 0.111782 0.000000
vt 0.750000 -0.000000 0.000000
vt -0.750000 0.000000 0.000000
vt 0.741623 -0.111782 0.000000
vt -0.741623 -0.111782 0.000000
vt 0.716680 -0.221066 0.000000
vt -0.716680 -0.221066 0.000000
vt 0.675727 -0.325413 0.000000
vt -0.675727 -0.325413 0.000000
vt 0.619679 -0.422490 0.000000
vt -0.619679 -0.422490 0.000000
vt 0.549789 -0.510130 0.000000
vt -0.549789 -0.510130 0.000000
vt 0.467617 -0.586374 0.000000
vt -0.467617 -0.586374 0.000000
vt 0.375000 -0.649519 0.000000
vt -0.375000 -0.649519 0.000000
vt 0.274006 -0.698155 0.000000
vt -0.274006 -0.698155 0.000000
vt 0.166891 -0.731196 0.000000
vt -0.166891 -0.731196 0.000000
vt 0.056048 -0.747903 0.000000
vt -0.056048 -0.747903 0.000000
vt -0.716680 0.221066 0.000000
vt 0.716680 0.221066 0.000000
vt -0.675727 0.325413 0.000000
vt 0.675727 0.325413 0.000000
vt -0.619679 0.422490 0.000000
vt 0.619679 0.422490 0.000000
vt -0.549789 0.510130 0.000000
vt 0.549789 0.510130 0.000000
vt -0.467617 0.586374 0.000000
vt 0.467617 0.586374 0.000000
vt -0.375000 0.649519 0.000000
vt 0.375000 0.649519 0.000000
vt -0.274006 0.698155 0.000000
vt 0.274006 0.698155 0.000000
vt -0.166891 0.731196 0.000000
vt 0.166891 0.731196 0.000000
vt -0.056048 0.747903 0.000000
vt 0.056048 0.747903 0.000000
vn -0.988831 -0.000000 0.149042
vn -0.988831 -0.000000 0.149042
vn -1.000000 -0.000000 0.000000
vn -1.000000 -0.000000 0.000000
vn -0.988831 -0.000000 -0.149042
vn -0.988831 -0.000000 -0.149042
vn -0.955573 -0.000000 -0.294755
vn -0.955573 -0.000000 -0.294755
vn -0.900969 -0.000000 -0.433884
vn -0.900969 -0.000000 -0.433884
vn -0.826239 -0.000000 -0.563320
vn -0.826239 -0.000000 -0.563320
vn -0.733052 -0.000000 -0.680173
vn -0.733052 -0.000000 -0.680173
vn -0.623490 -0.000000 -0.781831
vn -0.623490 -0.000000 -0.781831
vn -0.500000 -0.000000 -0.866025
vn -0.500000 -0.000000 -0.866025
vn -0.365341 -0.000000 -0.930874
vn -0.365341 -0.000000 -0.930874
vn -0.222521 -0.000000 -0.974928
vn -0.222521 -0.000000 -0.974928
vn -0.074730 -0.000000 -0.997204
vn -0.074730 -0.000000 -0.997204
vn 0.074730 -0.000000 -0.997204
vn 0.074730 -0.000000 -0.997204
vn 0.222521 -0.000000 -0.974928
vn 0.222521 -0.000000 -0.974928
vn 0.365341 -0.000000 -0.930874
vn 0.365341 -0.000000 -0.930874
vn 0.500000 -0.000000 -0.866025
vn 0.500000 -0.000000 -0.866025
vn 0.623490 -0.000000 -0.781831
vn 0.623490 -0.000000 -0.781831
vn 0.733052 -0.000000 -0.680173
vn 0.733052 -0.000000 -0.680173
vn 0.826239 -0.000000 -0.563320
vn 0.826239 -0.000000 -0.563320
vn 0.900969 -0.000000 -0.433884
vn 0.900969 -0.000000 -0.433884
vn 0.955573 -0.000000 -0.294755
vn 0.955573 -0.000000 -0.294755
vn 0.988831 -0.000000 -0.149042
vn 0.988831 -0.000000 -0.149042
vn 1.000000 0.000000 -0.000000
vn 1.000000 0.000000 -0.000000
vn 0.988831 0.000000 0.149042
vn 0.988831 0.000000 0.149042
vn 0.955573 0.000000 0.294755
vn 0.955573 0.000000 0.294755
vn 0.900969 0.000000 0.433884
vn 0.900969 0.000000 0.433884
vn 0.826239 0.000000 0.563320
vn 0.826239 0.000000 0.563320
vn 0.733052 0.000000 0.680173
vn 0.733052 0.000000 0.680173
vn 0.623490 0.000000 0.781831
vn 0.623490 0.000000 0.781831
vn 0.500000 0.000000 0.866025
vn 0.500000 0.000000 0.866025
vn 0.365341 0.000000 0.930874
vn 0.365341 0.000000 0.930874
vn 0.222521 0.000000 0.974928
vn 0.222521 0.000000 0.974928
vn 0.074730 0.000000 0.997204
vn 0.074730 0.000000 0.997204
vn -0.074730 -0.000000 0.997204
vn -0.074730 -0.000000 0.997204
vn -0.222521 -0.000000 0.974928
vn -0.222521 -0.000000 0.974928
vn -0.365341 -0.000000 0.930874
vn -0.365341 -0.000000 0.930874
vn -0.500000 -0.000000 0.866025
vn -0.500000 -0.000000 0.866025
vn -0.623490 -0.000000 0.781831
vn -0.623490 -0.000000 0.781831
vn -0.733052 -0.000000 0.680173
vn -0.733052 -0.000000 0.680173
vn -0.826239 -0.000000 0.563320
vn -0.826239 -0.000000 0.563320
vn -0.900969 -0.000000 0.433884
vn -0.900969 -0.000000 0.433884
vn -0.955573 -0.000000 0.294755
vn -0.955573 -0.000000 0.294755
vn 0.000000 -1.000000 0.000000
vn 0.000000 -1.000000 0.000000
vn 0.000000 -1.000000 0.000000
vn 0.000000 -1.000000 0.000000
vn 0.000000 -1.000000 0.000000
vn 0.000000 -1.000000 0.000000
vn 0.000000 -1.000000 0.000000
vn 0.000000 -1.000000 0.000000
vn 0.000000 -1.000000 0.000000
vn 0.000000 -1.000000 0.000000
vn 0.000000 -1.000000 0.000000
vn 0.000000 -1.000000 0.000000
vn 0.000000 -1.000000 0.000000
vn 0.000000 -1.000000 0.000000
vn 0.000000 -1.000000 0.000000
vn 0.000000 -1.000000 0.000000
vn 0.000000 -1.000000 0.000000
vn 0.000000 -1.000000 0.000000
vn 0.000000 -1.000000 0.000000
vn 0.000000 -1.000000 0.000000
vn 0.000000 -1.000000 0.000000
vn 0.000000 -1.000000 0.000000
vn 0.000000 -1.000000 0.000000
vn 0.000000 -1.000000 0.000000
vn 0.000000 -1.000000 0.000000
vn 0.000000 -1.000000 0.000000
vn 0.000000 -1.000000 0.000000
vn 0.000000 -1.000000 0.000000
vn 0.000000 -1.000000 0.000000
vn 0.000000 -1.000000 0.000000
vn 0.000000 -1.000000 0.000000
vn 0.000000 -1.000000 0.000000
vn 0.000000 -1.000000 0.000000
vn 0.000000 -1.000000 0.000000
vn 0.000000 -1.000000 0.000000
vn 0.000000 -1.000000 0.000000
vn 0.000000 -1.000000 0.000000
vn 0.000000 -1.000000 0.000000
vn 0.000000 -1.000000 0.000000
vn 0.000000 -1.000000 0.000000
vn 0.000000 -1.000000 0.000000
vn 0.000000 -1.000000 0.000000
vn -0.000000 1.000000 -0.000000
vn -0.000000 1.000000 -0.000000
vn -0.000000 1.000000 -0.000000
vn -0.000000 1.000000 -0.000000
vn -0.000000 1.000000 -0.000000
vn -0.000000 1.000000 -0.000000
vn -0.000000 1.000000 -0.000000
vn -0.000000 1.000000 -0.000000
vn -0.000000 1.000000 -0.000000
vn -0.000000 1.000000 -0.000000
vn -0.000000 1.000000 -0.000000
vn -0.000000 1.000000 -0.000000
vn -0.000000 1.000000 -0.000000
vn -0.000000 1.000000 -0.000000
vn -0.000000 1.000000 -0.000000
vn -0.000000 1.000000 -0.000000
vn -0.000000 1.000000 -0.000000
vn -0.000000 1.000000 -0.000000
vn -0.000000 1.000000 -0.000000
vn -0.000000 1.000000 -0.000000
vn -0.000000 1.000000 -0.000000
vn -0.000000 1.000000 -0.000000
vn -0.000000 1.000000 -0.000000
vn -0.000000 1.000000 -0.000000
vn -0.000000 1.000000 -0.000000
vn -0.000000 1.000000 -0.000000
vn -0.000000 1.000000 -0.000000
vn -0.000000 1.000000 -0.000000
vn -0.000000 1.000000 -0.000000
vn -0.000000 1.000000 -0.000000
vn -0.000000 1.000000 -0.000000
vn -0.000000 1.000000 -0.000000
vn -0.000000 1.000000 -0.000000
vn -0.000000 1.000000 -0.000000
vn -0.000000 1.000000 -0.000000
vn -0.000000 1.000000 -0.000000
vn -0.000000 1.000000 -0.000000
vn -0.000000 1.000000 -0.000000
vn -0.000000 1.000000 -0.000000
vn -0.000000 1.000000 -0.000000
vn -0.000000 1.000000 -0.000000
vn -0.000000 1.000000 -0.000000
f 266/513/503 348/514/504 265/515/505
f 265/515/505 348/514/504 307/516/506
f 265/517/505 307/518/506 306/519/507
f 306/519/507 307/518/506 308/520/508
f 306/519/507 308/520/508 305/521/509
f 305/521/509 308/520/508 309/522/510
f 305/521/509 309/522/510 304/523/511
f 304/523/511 309/522/510 310/524/512
f 304/523/511 310/524/512 303/525/513
f 303/525/513 310/524/512 311/526/514
f 303/525/513 311/526/514 302/527/515
f 302/527/515 311/526/514 312/528/516
f 302/527/515 312/528/516 301/529/517
f 301/529/517 312/528/516 313/530/518
f 301/529/517 313/530/518 300/531/519
f 300/531/519 313/530/518 314/532/520
f 300/531/519 314/532/520 299/533/521
f 299/533/521 314/532/520 315/534/522
f 299/533/521 315/534/522 298/535/523
f 298/535/523 315/534/522 316/536/524
f 298/535/523 316/536/524 297/537/525
f 297/537/525 316/536/524 317/538/526
f 297/537/525 317/538/526 296/539/527
f 296/539/527 317/538/526 318/540/528
f 296/539/527 318/540/528 295/541/529
f 295/541/529 318/540/528 319/542/530
f 295/541/529 319/542/530 294/543/531
f 294/543/531 319/542/530 320/544/532
f 294/543/531 320/544/532 293/545/533
f 293/545/533 320/544/532 321/546/534
f 293/545/533 321/546/534 292/547/535
f 292/547/535 321/546/534 322/548/536
f 292/547/535 322/548/536 291/549/537
f 291/549/537 322/548/536 323/550/538
f 291/549/537 323/550/538 290/551/539
f 290/551/539 323/550/538 324/552/540
f 290/551/539 324/552/540 289/553/541
f 289/553/541 324/552/540 325/554/542
f 289/553/541 325/554/542 288/555/543
f 288/555/543 325/554/542 326/556/544
f 288/555/543 326/556/544 287/557/545
f 287/557/545 326/556/544 327/558/546
f 287/557/545 327/558/546 286/559/547
f 286/559/547 327/558/546 328/560/548
f 286/559/547 328/560/548 285/561/549
f 285/561/549 328/560/548 329/562/550
f 285/561/549 329/562/550 284/563/551
f 284/563/551 329/562/550 330/564/552
f 284/563/551 330/564/552 283/565/553
f 283/565/553 330/564/552 331/566/554
f 283/565/553 331/566/554 282/567/555
f 282/567/555 331/566/554 332/568/556
f 282/567/555 332/568/556 281/569/557
f 281/569/557 332/568/556 333/570/558
f 281/569/557 333/570/558 280/571/559
f 280/571/559 333/570/558 334/572/560
f 280/571/559 334/572/560 279/573/561
f 279/573/561 334/572/560 335/574/562
f 279/573/561 335/574/562 278/575/563
f 278/575/563 335/574/562 336/576/564
f 278/575/563 336/576/564 277/577/565
f 277/577/565 336/576/564 337/578/566
f 277/577/565 337/578/566 276/579/567
f 276/579/567 337/578/566 338/580/568
f 276/579/567 338/580/568 275/581/569
f 275/581/569 338/580/568 339/582/570
f 275/581/569 339/582/570 274/583/571
f 274/583/571 339/582/570 340/584/572
f 274/583/571 340/584/572 273/585/573
f 273/585/573 340/584/572 341/586/574
f 273/585/573 341/586/574 272/587/575
f 272/587/575 341/586/574 342/588/576
f 272/587/575 342/588/576 271/589/577
f 271/589/577 342/588/576 343/590/578
f 271/589/577 343/590/578 270/591/579
f 270/591/579 343/590/578 344/592/580
f 270/591/579 344/592/580 269/593/581
f 269/593/581 344/592/580 345/594/582
f 269/593/581 345/594/582 268/595/583
f 268/595/583 345/594/582 346/596/584
f 268/595/583 346/596/584 267/597/585
f 267/597/585 346/596/584 347/598/586
f 267/597/585 347/598/586 266/513/503
f 266/513/503 347/598/586 348/514/504
f 306/599/587 287/600/588 265/601/589
f 265/601/589 287/600/588 286/602/590
f 265/601/589 286/602/590 266/603/591
f 266/603/591 286/602/590 285/604/592
f 266/603/591 285/604/592 267/605/593
f 267/605/593 285/604/592 284/606/594
f 267/605/593 284/606/594 268/607/595
f 268/607/595 284/606/594 283/608/596
f 268/607/595 283/608/596 269/609/597
f 269/609/597 283/608/596 282/610/598
f 269/609/597 282/610/598 270/611/599
f 270/611/599 282/610/598 281/612/600
f 270/611/599 281/612/600 271/613/601
f 271/613/601 281/612/600 280/614/602
f 271/613/601 280/614/602 272/615/603
f 272/615/603 280/614/602 279/616/604
f 272/615/603 279/616/604 273/617/605
f 273/617/605 279/616/604 278/618/606
f 273/617/605 278/618/606 274/619/607
f 274/619/607 278/618/606 277/620/608
f 274/619/607 277/620/608 275/621/609
f 275/621/609 277/620/608 276/622/610
f 287/600/588 306/599/587 288/623/611
f 288/623/611 306/599/587 305/624/612
f 288/623/611 305/624/612 289/625/613
f 289/625/613 305/624/612 304/626/614
f 289/625/613 304/626/614 290/627/615
f 290/627/615 304/626/614 303/628/616
f 290/627/615 303/628/616 291/629/617
f 291/629/617 303/628/616 302/630/618
f 291/629/617 302/630/618 292/631/619
f 292/631/619 302/630/618 301/632/620
f 292/631/619 301/632/620 293/633/621
f 293/633/621 301/632/620 300/634/622
f 293/633/621 300/634/622 294/635/623
f 294/635/623 300/634/622 299/636/624
f 294/635/623 299/636/624 295/637/625
f 295/637/625 299/636/624 298/638/626
f 295/637/625 298/638/626 296/639/627
f 296/639/627 298/638/626 297/640/628
f 348/641/629 329/642/630 307/643/631
f 307/643/631 329/642/630 328/644/632
f 307/643/631 328/644/632 308/645/633
f 308/645/633 328/644/632 327/646/634
f 308/645/633 327/646/634 309/647/635
f 309/647/635 327/646/634 326/648/636
f 309/647/635 326/648/636 310/649/637
f 310/649/637 326/648/636 325/650/638
f 310/649/637 325/650/638 311/651/639
f 311/651/639 325/650/638 324/652/640
f 311/651/639 324/652/640 312/653/641
f 312/653/641 324/652/640 323/654/642
f 312/653/641 323/654/642 313/655/643
f 313/655/643 323/654/642 322/656/644
f 313/655/643 322/656/644 314/657/645
f 314/657/645 322/656/644 321/658/646
f 314/657/645 321/658/646 315/659/647
f 315/659/647 321/658/646 320/660/648
f 315/659/647 320/660/648 316/661/649
f 316/661/649 320/660/648 319/662/650
f 316/661/649 319/662/650 317/663/651
f 317/663/651 319/662/650 318/664/652
f 329/642/630 348/641/629 330/665/653
f 330/665/653 348/641/629 347/666/654
f 330/665/653 347/666/654 331/667/655
f 331/667/655 347/666/654 346/668/656
f 331/667/655 346/668/656 332/669/657
f 332/669/657 346/668/656 345/670/658
f 332/669/657 345/670/658 333/671/659
f 333/671/659 345/670/658 344/672/660
f 333/671/659 344/672/660 334/673/661
f 334/673/661 344/672/660 343/674/662
f 334/673/661 343/674/662 335/675/663
f 335/675/663 343/674/662 342/676/664
f 335/675/663 342/676/664 336/677/665
f 336/677/665 342/676/664 341/678/666
f 336/677/665 341/678/666 337/679/667
f 337/679/667 341/678/666 340/680/668
f 337/679/667 340/680/668 338/681/669
f 338/681/669 340/680/668 339/682/670
g Body6

v 4.600000 -0.100000 -0.000000
v 4.604468 -0.100000 0.059617
v 4.617771 -0.100000 0.117902
v 4.639612 -0.100000 0.173553
v 4.669504 -0.100000 0.225328
v 4.706779 -0.100000 0.272069
v 4.750604 -0.100000 0.312733
v 4.800000 -0.100000 0.346410
v 4.853864 -0.100000 0.372349
v 4.910992 -0.100000 0.389971
v 4.970108 -0.100000 0.398882
v 5.029892 -0.100000 0.398882
v 5.089008 -0.100000 0.389971
v 5.146136 -0.100000 0.372349
v 5.200000 -0.100000 0.346410
v 5.249396 -0.100000 0.312733
v 5.293221 -0.100000 0.272069
v 5.330496 -0.100000 0.225328
v 5.360388 -0.100000 0.173553
v 5.382229 -0.100000 0.117902
v 5.395532 -0.100000 0.059617
v 5.400000 -0.100000 0.000000
v 5.395532 -0.100000 -0.059617
v 5.382229 -0.100000 -0.117902
v 5.360388 -0.100000 -0.173553
v 5.330496 -0.100000 -0.225328
v 5.293221 -0.100000 -0.272069
v 5.249396 -0.100000 -0.312733
v 5.200000 -0.100000 -0.346410
v 5.146136 -0.100000 -0.372349
v 5.089008 -0.100000 -0.389971
v 5.029892 -0.100000 -0.398882
v 4.970108 -0.100000 -0.398882
v 4.910992 -0.100000 -0.389971
v 4.853864 -0.100000 -0.372349
v 4.800000 -0.100000 -0.346410
v 4.750604 -0.100000 -0.312733
v 4.706779 -0.100000 -0.272069
v 4.669504 -0.100000 -0.225328
v 4.639612 -0.100000 -0.173553
v 4.617771 -0.100000 -0.117902
v 4.604468 -0.100000 -0.059617
v 4.600000 0.000000 -0.000000
v 4.604468 0.000000 -0.059617
v 4.617771 0.000000 -0.117902
v 4.639612 0.000000 -0.173553
v 4.669504 0.000000 -0.225328
v 4.706779 0.000000 -0.272069
v 4.750604 0.000000 -0.312733
v 4.800000 0.000000 -0.346410
v 4.853864 0.000000 -0.372349
v 4.910992 0.000000 -0.389971
v 4.970108 0.000000 -0.398882
v 5.029892 0.000000 -0.398882
v 5.089008 0.000000 -0.389971
v 5.146136 0.000000 -0.372349
v 5.200000 0.000000 -0.346410
v 5.249396 0.000000 -0.312733
v 5.293221 0.000000 -0.272069
v 5.330496 0.000000 -0.225328
v 5.360388 0.000000 -0.173553
v 5.382229 0.000000 -0.117902
v 5.395532 0.000000 -0.059617
v 5.400000 0.000000 0.000000
v 5.395532 0.000000 0.059617
v 5.382229 0.000000 0.117902
v 5.360388 0.000000 0.173553
v 5.330496 0.000000 0.225328
v 5.293221 0.000000 0.272069
v 5.249396 0.000000 0.312733
v 5.200000 0.000000 0.346410
v 5.146136 0.000000 0.372349
v 5.089008 0.000000 0.389971
v 5.029892 0.000000 0.398882
v 4.970108 0.000000 0.398882
v 4.910992 0.000000 0.389971
v 4.853864 0.000000 0.372349
v 4.800000 0.000000 0.346410
v 4.750604 0.000000 0.312733
v 4.706779 0.000000 0.272069
v 4.669504 0.000000 0.225328
v 4.639612 0.000000 0.173553
v 4.617771 0.000000 0.117902
v 4.604468 0.000000 0.059617
vt -0.100000 1.196797 0.000000
vt -0.000000 1.196797 0.000000
vt -0.100000 1.256637 0.000000
vt 0.000000 1.256637 0.000000
vt -0.100000 -1.256637 0.000000
vt 0.000000 -1.256637 0.000000
vt -0.100000 -1.196797 0.000000
vt 0.000000 -1.196797 0.000000
vt -0.100000 -1.136957 0.000000
vt -0.000000 -1.136957 0.000000
vt -0.100000 -1.077117 0.000000
vt -0.000000 -1.077117 0.000000
vt -0.100000 -1.017278 0.000000
vt 0.000000 -1.017278 0.000000
vt -0.100000 -0.957438 0.000000
vt 0.000000 -0.957438 0.000000
vt -0.100000 -0.897598 0.000000
vt -0.000000 -0.897598 0.000000
vt -0.100000 -0.837758 0.000000
vt -0.000000 -0.837758 0.000000
vt -0.100000 -0.777918 0.000000
vt 0.000000 -0.777918 0.000000
vt -0.100000 -0.718078 0.000000
vt 0.000000 -0.718078 0.000000
vt -0.100000 -0.658238 0.000000
vt 0.000000 -0.658238 0.000000
vt -0.100000 -0.598399 0.000000
vt -0.000000 -0.598399 0.000000
vt -0.100000 -0.538559 0.000000
vt -0.000000 -0.538559 0.000000
vt -0.100000 -0.478719 0.000000
vt -0.000000 -0.478719 0.000000
vt -0.100000 -0.418879 0.000000
vt -0.000000 -0.418879 0.000000
vt -0.100000 -0.359039 0.000000
vt -0.000000 -0.359039 0.000000
vt -0.100000 -0.299199 0.000000
vt -0.000000 -0.299199 0.000000
vt -0.100000 -0.239359 0.000000
vt -0.000000 -0.239359 0.000000
vt -0.100000 -0.179520 0.000000
vt -0.000000 -0.179520 0.000000
vt -0.100000 -0.119680 0.000000
vt -0.000000 -0.119680 0.000000
vt -0.100000 -0.059840 0.000000
vt -0.000000 -0.059840 0.000000
vt -0.100000 0.000000 0.000000
vt -0.000000 0.000000 0.000000
vt -0.100000 0.059840 0.000000
vt -0.000000 0.059840 0.000000
vt -0.100000 0.119680 0.000000
vt -0.000000 0.119680 0.000000
vt -0.100000 0.179520 0.000000
vt -0.000000 0.179520 0.000000
vt -0.100000 0.239359 0.000000
vt -0.000000 0.239359 0.000000
vt -0.100000 0.299199 0.000000
vt -0.000000 0.299199 0.000000
vt -0.100000 0.359039 0.000000
vt -0.000000 0.359039 0.000000
vt -0.100000 0.418879 0.000000
vt -0.000000 0.418879 0.000000
vt -0.100000 0.478719 0.000000
vt -0.000000 0.478719 0.000000
vt -0.100000 0.538559 0.000000
vt -0.000000 0.538559 0.000000
vt -0.100000 0.598399 0.000000
vt -0.000000 0.598399 0.000000
vt -0.100000 0.658238 0.000000
vt -0.000000 0.658238 0.000000
vt -0.100000 0.718078 0.000000
vt -0.000000 0.718078 0.000000
vt -0.100000 0.777918 0.000000
vt -0.000000 0.777918 0.000000
vt -0.100000 0.837758 0.000000
vt -0.000000 0.837758 0.000000
vt -0.100000 0.897598 0.000000
vt -0.000000 0.897598 0.000000
vt -0.100000 0.957438 0.000000
vt -0.000000 0.957438 0.000000
vt -0.100000 1.017278 0.000000
vt -0.000000 1.017278 0.000000
vt -0.100000 1.077117 0.000000
vt -0.000000 1.077117 0.000000
vt -0.100000 1.136957 0.000000
vt -0.000000 1.136957 0.000000
vt -0.395532 -0.059617 0.000000
vt 0.395532 -0.059617 0.000000
vt -0.400000 -0.000000 0.000000
vt 0.400000 0.000000 0.000000
vt -0.395532 0.059617 0.000000
vt 0.395532 0.059617 0.000000
vt -0.382229 0.117902 0.000000
vt 0.382229 0.117902 0.000000
vt -0.360388 0.173553 0.000000
vt 0.360388 0.173553 0.000000
vt -0.330496 0.225328 0.000000
vt 0.330496 0.225328 0.000000
vt -0.293221 0.272069 0.000000
vt 0.293221 0.272069 0.000000
vt -0.249396 0.312733 0.000000
vt 0.249396 0.312733 0.000000
vt -0.200000 0.346410 0.000000
vt 0.200000 0.346410 0.000000
vt -0.146136 0.372349 0.000000
vt 0.146136 0.372349 0.000000
vt -0.089008 0.389971 0.000000
vt 0.089008 0.389971 0.000000
vt -0.029892 0.398882 0.000000
vt 0.029892 0.398882 0.000000
vt 0.382229 -0.117902 0.000000
vt -0.382229 -0.117902 0.000000
vt 0.360388 -0.173553 0.000000
vt -0.360388 -0.173553 0.000000
vt 0.330496 -0.225328 0.000000
vt -0.330496 -0.225328 0.000000
vt 0.293221 -0.272069 0.000000
vt -0.293221 -0.272069 0.000000
vt 0.249396 -0.312733 0.000000
vt -0.249396 -0.312733 0.000000
vt 0.200000 -0.346410 0.000000
vt -0.200000 -0.346410 0.000000
vt 0.146136 -0.372349 0.000000
vt -0.146136 -0.372349 0.000000
vt 0.089008 -0.389971 0.000000
vt -0.089008 -0.389971 0.000000
vt 0.029892 -0.398882 0.000000
vt -0.029892 -0.398882 0.000000
vt 0.395532 0.059617 0.000000
vt -0.395532 0.059617 0.000000
vt 0.400000 -0.000000 0.000000
vt -0.400000 0.000000 0.000000
vt 0.395532 -0.059617 0.000000
vt -0.395532 -0.059617 0.000000
vt 0.382229 -0.117902 0.000000
vt -0.382229 -0.117902 0.000000
vt 0.360388 -0.173553 0.000000
vt -0.360388 -0.173553 0.000000
vt 0.330496 -0.225328 0.000000
vt -0.330496 -0.225328 0.000000
vt 0.293221 -0.272069 0.000000
vt -0.293221 -0.272069 0.000000
vt 0.249396 -0.312733 0.000000
vt -0.249396 -0.312733 0.000000
vt 0.200000 -0.346410 0.000000
vt -0.200000 -0.346410 0.000000
vt 0.146136 -0.372349 0.000000
vt -0.146136 -0.372349 0.000000
vt 0.089008 -0.389971 0.000000
vt -0.089008 -0.389971 0.000000
vt 0.029892 -0.398882 0.000000
vt -0.029892 -0.398882 0.000000
vt -0.382229 0.117902 0.000000
vt 0.382229 0.117902 0.000000
vt -0.360388 0.173553 0.000000
vt 0.360388 0.173553 0.000000
vt -0.330496 0.225328 0.000000
vt 0.330496 0.225328 0.000000
vt -0.293221 0.272069 0.000000
vt 0.293221 0.272069 0.000000
vt -0.249396 0.312733 0.000000
vt 0.249396 0.312733 0.000000
vt -0.200000 0.346410 0.000000
vt 0.200000 0.346410 0.000000
vt -0.146136 0.372349 0.000000
vt 0.146136 0.372349 0.000000
vt -0.089008 0.389971 0.000000
vt 0.089008 0.389971 0.000000
vt -0.029892 0.398882 0.000000
vt 0.029892 0.398882 0.000000
vn -0.988831 -0.000000 0.149042
vn -0.988831 -0.000000 0.149042
vn -1.000000 -0.000000 0.000000
vn -1.000000 -0.000000 0.000000
vn -0.988831 -0.000000 -0.149042
vn -0.988831 -0.000000 -0.149042
vn -0.955573 -0.000000 -0.294755
vn -0.955573 -0.000000 -0.294755
vn -0.900969 -0.000000 -0.433884
vn -0.900969 -0.000000 -0.433884
vn -0.826239 -0.000000 -0.563320
vn -0.826239 -0.000000 -0.563320
vn -0.733052 -0.000000 -0.680173
vn -0.733052 -0.000000 -0.680173
vn -0.623490 -0.000000 -0.781831
vn -0.623490 -0.000000 -0.781831
vn -0.500000 -0.000000 -0.866025
vn -0.500000 -0.000000 -0.866025
vn -0.365341 -0.000000 -0.930874
vn -0.365341 -0.000000 -0.930874
vn -0.222521 -0.000000 -0.974928
vn -0.222521 -0.000000 -0.974928
vn -0.074730 -0.000000 -0.997204
vn -0.074730 -0.000000 -0.997204
vn 0.074730 -0.000000 -0.997204
vn 0.074730 -0.000000 -0.997204
vn 0.222521 -0.000000 -0.974928
vn 0.222521 -0.000000 -0.974928
vn 0.365341 -0.000000 -0.930874
vn 0.365341 -0.000000 -0.930874
vn 0.500000 -0.000000 -0.866025
vn 0.500000 -0.000000 -0.866025
vn 0.623490 -0.000000 -0.781831
vn 0.623490 -0.000000 -0.781831
vn 0.733052 -0.000000 -0.680173
vn 0.733052 -0.000000 -0.680173
vn 0.826239 -0.000000 -0.563320
vn 0.826239 -0.000000 -0.563320
vn 0.900969 -0.000000 -0.433884
vn 0.900969 -0.000000 -0.433884
vn 0.955573 -0.000000 -0.294755
vn 0.955573 -0.000000 -0.294755
vn 0.988831 -0.000000 -0.149042
vn 0.988831 -0.000000 -0.149042
vn 1.000000 0.000000 -0.000000
vn 1.000000 0.000000 -0.000000
vn 0.988831 0.000000 0.149042
vn 0.988831 0.000000 0.149042
vn 0.955573 0.000000 0.294755
vn 0.955573 0.000000 0.294755
vn 0.900969 0.000000 0.433884
vn 0.900969 0.000000 0.433884
vn 0.826239 0.000000 0.563320
vn 0.826239 0.000000 0.563320
vn 0.733052 0.000000 0.680173
vn 0.733052 0.000000 0.680173
vn 0.623490 0.000000 0.781831
vn 0.623490 0.000000 0.781831
vn 0.500000 0.000000 0.866025
vn 0.500000 0.000000 0.866025
vn 0.365341 0.000000 0.930874
vn 0.365341 0.000000 0.930874
vn 0.222521 0.000000 0.974928
vn 0.222521 0.000000 0.974928
vn 0.074730 0.000000 0.997204
vn 0.074730 0.000000 0.997204
vn -0.074730 -0.000000 0.997204
vn -0.074730 -0.000000 0.997204
vn -0.222521 -0.000000 0.974928
vn -0.222521 -0.000000 0.974928
vn -0.365341 -0.000000 0.930874
vn -0.365341 -0.000000 0.930874
vn -0.500000 -0.000000 0.866025
vn -0.500000 -0.000000 0.866025
vn -0.623490 -0.000000 0.781831
vn -0.623490 -0.000000 0.781831
vn -0.733052 -0.000000 0.680173
vn -0.733052 -0.000000 0.680173
vn -0.826239 -0.000000 0.563320
vn -0.826239 -0.000000 0.563320
vn -0.900969 -0.000000 0.433884
vn -0.900969 -0.000000 0.433884
vn -0.955573 -0.000000 0.294755
vn -0.955573 -0.000000 0.294755
vn 0.000000 -1.000000 0.000000
vn 0.000000 -1.000000 0.000000
vn 0.000000 -1.000000 0.000000
vn 0.000000 -1.000000 0.000000
vn 0.000000 -1.000000 0.000000
vn 0.000000 -1.000000 0.000000
vn 0.000000 -1.000000 0.000000
vn 0.000000 -1.000000 0.000000
vn 0.000000 -1.000000 0.000000
vn 0.000000 -1.000000 0.000000
vn 0.000000 -1.000000 0.000000
vn 0.000000 -1.000000 0.000000
vn 0.000000 -1.000000 0.000000
vn 0.000000 -1.000000 0.000000
vn 0.000000 -1.000000 0.000000
vn 0.000000 -1.000000 0.000000
vn 0.000000 -1.000000 0.000000
vn 0.000000 -1.000000 0.000000
vn 0.000000 -1.000000 0.000000
vn 0.000000 -1.000000 0.000000
vn 0.000000 -1.000000 0.000000
vn 0.000000 -1.000000 0.000000
vn 0.000000 -1.000000 0.000000
vn 0.000000 -1.000000 0.000000
vn 0.000000 -1.000000 0.000000
vn 0.000000 -1.000000 0.000000
vn 0.000000 -1.000000 0.000000
vn 0.000000 -1.000000 0.000000
vn 0.000000 -1.000000 0.000000
vn 0.000000 -1.000000 0.000000
vn 0.000000 -1.000000 0.000000
vn 0.000000 -1.000000 0.000000
vn 0.000000 -1.000000 0.000000
vn 0.000000 -1.000000 0.000000
vn 0.000000 -1.000000 0.000000
vn 0.000000 -1.000000 0.000000
vn 0.000000 -1.000000 0.000000
vn 0.000000 -1.000000 0.000000
vn 0.000000 -1.000000 0.000000
vn 0.000000 -1.000000 0.000000
vn 0.000000 -1.000000 0.000000
vn 0.000000 -1.000000 0.000000
vn -0.000000 1.000000 -0.000000
vn -0.000000 1.000000 -0.000000
vn -0.000000 1.000000 -0.000000
vn -0.000000 1.000000 -0.000000
vn -0.000000 1.000000 -0.000000
vn -0.000000 1.000000 -0.000000
vn -0.000000 1.000000 -0.000000
vn -0.000000 1.000000 -0.000000
vn -0.000000 1.000000 -0.000000
vn -0.000000 1.000000 -0.000000
vn -0.000000 1.000000 -0.000000
vn -0.000000 1.000000 -0.000000
vn -0.000000 1.000000 -0.000000
vn -0.000000 1.000000 -0.000000
vn -0.000000 1.000000 -0.000000
vn -0.000000 1.000000 -0.000000
vn -0.000000 1.000000 -0.000000
vn -0.000000 1.000000 -0.000000
vn -0.000000 1.000000 -0.000000
vn -0.000000 1.000000 -0.000000
vn -0.000000 1.000000 -0.000000
vn -0.000000 1.000000 -0.000000
vn -0.000000 1.000000 -0.000000
vn -0.000000 1.000000 -0.000000
vn -0.000000 1.000000 -0.000000
vn -0.000000 1.000000 -0.000000
vn -0.000000 1.000000 -0.000000
vn -0.000000 1.000000 -0.000000
vn -0.000000 1.000000 -0.000000
vn -0.000000 1.000000 -0.000000
vn -0.000000 1.000000 -0.000000
vn -0.000000 1.000000 -0.000000
vn -0.000000 1.000000 -0.000000
vn -0.000000 1.000000 -0.000000
vn -0.000000 1.000000 -0.000000
vn -0.000000 1.000000 -0.000000
vn -0.000000 1.000000 -0.000000
vn -0.000000 1.000000 -0.000000
vn -0.000000 1.000000 -0.000000
vn -0.000000 1.000000 -0.000000
vn -0.000000 1.000000 -0.000000
vn -0.000000 1.000000 -0.000000
usemtl Aluminum_-_Bead_Blasted
f 350/683/671 432/684/672 349/685/673
f 349/685/673 432/684/672 391/686/674
f 349/687/673 391/688/674 390/689/675
f 390/689/675 391/688/674 392/690/676
f 390/689/675 392/690/676 389/691/677
f 389/691/677 392/690/676 393/692/678
f 389/691/677 393/692/678 388/693/679
f 388/693/679 393/692/678 394/694/680
f 388/693/679 394/694/680 387/695/681
f 387/695/681 394/694/680 395/696/682
f 387/695/681 395/696/682 386/697/683
f 386/697/683 395/696/682 396/698/684
f 386/697/683 396/698/684 385/699/685
f 385/699/685 396/698/684 397/700/686
f 385/699/685 397/700/686 384/701/687
f 384/701/687 397/700/686 398/702/688
f 384/701/687 398/702/688 383/703/689
f 383/703/689 398/702/688 399/704/690
f 383/703/689 399/704/690 382/705/691
f 382/705/691 399/704/690 400/706/692
f 382/705/691 400/706/692 381/707/693
f 381/707/693 400/706/692 401/708/694
f 381/707/693 401/708/694 380/709/695
f 380/709/695 401/708/694 402/710/696
f 380/709/695 402/710/696 379/711/697
f 379/711/697 402/710/696 403/712/698
f 379/711/697 403/712/698 378/713/699
f 378/713/699 403/712/698 404/714/700
f 378/713/699 404/714/700 377/715/701
f 377/715/701 404/714/700 405/716/702
f 377/715/701 405/716/702 376/717/703
f 376/717/703 405/716/702 406/718/704
f 376/717/703 406/718/704 375/719/705
f 375/719/705 406/718/704 407/720/706
f 375/719/705 407/720/706 374/721/707
f 374/721/707 407/720/706 408/722/708
f 374/721/707 408/722/708 373/723/709
f 373/723/709 408/722/708 409/724/710
f 373/723/709 409/724/710 372/725/711
f 372/725/711 409/724/710 410/726/712
f 372/725/711 410/726/712 371/727/713
f 371/727/713 410/726/712 411/728/714
f 371/727/713 411/728/714 370/729/715
f 370/729/715 411/728/714 412/730/716
f 370/729/715 412/730/716 369/731/717
f 369/731/717 412/730/716 413/732/718
f 369/731/717 413/732/718 368/733/719
f 368/733/719 413/732/718 414/734/720
f 368/733/719 414/734/720 367/735/721
f 367/735/721 414/734/720 415/736/722
f 367/735/721 415/736/722 366/737/723
f 366/737/723 415/736/722 416/738/724
f 366/737/723 416/738/724 365/739/725
f 365/739/725 416/738/724 417/740/726
f 365/739/725 417/740/726 364/741/727
f 364/741/727 417/740/726 418/742/728
f 364/741/727 418/742/728 363/743/729
f 363/743/729 418/742/728 419/744/730
f 363/743/729 419/744/730 362/745/731
f 362/745/731 419/744/730 420/746/732
f 362/745/731 420/746/732 361/747/733
f 361/747/733 420/746/732 421/748/734
f 361/747/733 421/748/734 360/749/735
f 360/749/735 421/748/734 422/750/736
f 360/749/735 422/750/736 359/751/737
f 359/751/737 422/750/736 423/752/738
f 359/751/737 423/752/738 358/753/739
f 358/753/739 423/752/738 424/754/740
f 358/753/739 424/754/740 357/755/741
f 357/755/741 424/754/740 425/756/742
f 357/755/741 425/756/742 356/757/743
f 356/757/743 425/756/742 426/758/744
f 356/757/743 426/758/744 355/759/745
f 355/759/745 426/758/744 427/760/746
f 355/759/745 427/760/746 354/761/747
f 354/761/747 427/760/746 428/762/748
f 354/761/747 428/762/748 353/763/749
f 353/763/749 428/762/748 429/764/750
f 353/763/749 429/764/750 352/765/751
f 352/765/751 429/764/750 430/766/752
f 352/765/751 430/766/752 351/767/753
f 351/767/753 430/766/752 431/768/754
f 351/767/753 431/768/754 350/683/671
f 350/683/671 431/768/754 432/684/672
f 390/769/755 371/770/756 349/771/757
f 349/771/757 371/770/756 370/772/758
f 349/771/757 370/772/758 350/773/759
f 350/773/759 370/772/758 369/774/760
f 350/773/759 369/774/760 351/775/761
f 351/775/761 369/774/760 368/776/762
f 351/775/761 368/776/762 352/777/763
f 352/777/763 368/776/762 367/778/764
f 352/777/763 367/778/764 353/779/765
f 353/779/765 367/778/764 366/780/766
f 353/779/765 366/780/766 354/781/767
f 354/781/767 366/780/766 365/782/768
f 354/781/767 365/782/768 355/783/769
f 355/783/769 365/782/768 364/784/770
f 355/783/769 364/784/770 356/785/771
f 356/785/771 364/784/770 363/786/772
f 356/785/771 363/786/772 357/787/773
f 357/787/773 363/786/772 362/788/774
f 357/787/773 362/788/774 358/789/775
f 358/789/775 362/788/774 361/790/776
f 358/789/775 361/790/776 359/791/777
f 359/791/777 361/790/776 360/792/778
f 371/770/756 390/769/755 372/793/779
f 372/793/779 390/769/755 389/794/780
f 372/793/779 389/794/780 373/795/781
f 373/795/781 389/794/780 388/796/782
f 373/795/781 388/796/782 374/797/783
f 374/797/783 388/796/782 387/798/784
f 374/797/783 387/798/784 375/799/785
f 375/799/785 387/798/784 386/800/786
f 375/799/785 386/800/786 376/801/787
f 376/801/787 386/800/786 385/802/788
f 376/801/787 385/802/788 377/803/789
f 377/803/789 385/802/788 384/804/790
f 377/803/789 384/804/790 378/805/791
f 378/805/791 384/804/790 383/806/792
f 378/805/791 383/806/792 379/807/793
f 379/807/793 383/806/792 382/808/794
f 379/807/793 382/808/794 380/809/795
f 380/809/795 382/808/794 381/810/796
f 432/811/797 413/812/798 391/813/799
f 391/813/799 413/812/798 412/814/800
f 391/813/799 412/814/800 392/815/801
f 392/815/801 412/814/800 411/816/802
f 392/815/801 411/816/802 393/817/803
f 393/817/803 411/816/802 410/818/804
f 393/817/803 410/818/804 394/819/805
f 394/819/805 410/818/804 409/820/806
f 394/819/805 409/820/806 395/821/807
f 395/821/807 409/820/806 408/822/808
f 395/821/807 408/822/808 396/823/809
f 396/823/809 408/822/808 407/824/810
f 396/823/809 407/824/810 397/825/811
f 397/825/811 407/824/810 406/826/812
f 397/825/811 406/826/812 398/827/813
f 398/827/813 406/826/812 405/828/814
f 398/827/813 405/828/814 399/829/815
f 399/829/815 405/828/814 404/830/816
f 399/829/815 404/830/816 400/831/817
f 400/831/817 404/830/816 403/832/818
f 400/831/817 403/832/818 401/833/819
f 401/833/819 403/832/818 402/834/820
f 413/812/798 432/811/797 414/835/821
f 414/835/821 432/811/797 431/836/822
f 414/835/821 431/836/822 415/837/823
f 415/837/823 431/836/822 430/838/824
f 415/837/823 430/838/824 416/839/825
f 416/839/825 430/838/824 429/840/826
f 416/839/825 429/840/826 417/841/827
f 417/841/827 429/840/826 428/842/828
f 417/841/827 428/842/828 418/843/829
f 418/843/829 428/842/828 427/844/830
f 418/843/829 427/844/830 419/845/831
f 419/845/831 427/844/830 426/846/832
f 419/845/831 426/846/832 420/847/833
f 420/847/833 426/846/832 425/848/834
f 420/847/833 425/848/834 421/849/835
f 421/849/835 425/848/834 424/850/836
f 421/849/835 424/850/836 422/851/837
f 422/851/837 424/850/836 423/852/838
g Body7

v 13.568961 -0.200000 -0.023561
v 13.620072 -0.200000 -0.411790
v 13.769923 -0.200000 -0.773561
v 14.008301 -0.200000 -1.084221
v 14.318961 -0.200000 -1.322599
v 14.680732 -0.200000 -1.472450
v 15.068961 -0.200000 -1.523561
v 15.457190 -0.200000 -1.472450
v 15.818961 -0.200000 -1.322599
v 16.129621 -0.200000 -1.084221
v 16.367999 -0.200000 -0.773561
v 16.517850 -0.200000 -0.411790
v 16.568961 -0.200000 -0.023561
v 16.517850 -0.200000 0.364667
v 16.367999 -0.200000 0.726439
v 16.129621 -0.200000 1.037099
v 15.818961 -0.200000 1.275477
v 15.457190 -0.200000 1.425328
v 15.068961 -0.200000 1.476439
v 14.680732 -0.200000 1.425328
v 14.318961 -0.200000 1.275477
v 14.008301 -0.200000 1.037099
v 13.769923 -0.200000 0.726439
v 13.620072 -0.200000 0.364667
v 13.568961 0.000000 -0.023561
v 13.620072 0.000000 0.364667
v 13.769923 0.000000 0.726439
v 14.008301 0.000000 1.037099
v 14.318961 0.000000 1.275477
v 14.680732 0.000000 1.425328
v 15.068961 0.000000 1.476439
v 15.457190 0.000000 1.425328
v 15.818961 0.000000 1.275477
v 16.129621 0.000000 1.037099
v 16.367999 0.000000 0.726439
v 16.517850 0.000000 0.364667
v 16.568961 0.000000 -0.023561
v 16.517850 0.000000 -0.411790
v 16.367999 0.000000 -0.773561
v 16.129621 0.000000 -1.084221
v 15.818961 0.000000 -1.322599
v 15.457190 0.000000 -1.472450
v 15.068961 0.000000 -1.523561
v 14.680732 0.000000 -1.472450
v 14.318961 0.000000 -1.322599
v 14.008301 0.000000 -1.084221
v 13.769923 0.000000 -0.773561
v 13.620072 0.000000 -0.411790
v -1.500000 -0.200000 -0.000000
v -1.448889 -0.200000 -0.388229
v -1.299038 -0.200000 -0.750000
v -1.060660 -0.200000 -1.060660
v -0.750000 -0.200000 -1.299038
v -0.388229 -0.200000 -1.448889
v 0.000000 -0.200000 -1.500000
v 0.388229 -0.200000 -1.448889
v 0.750000 -0.200000 -1.299038
v 1.060660 -0.200000 -1.060660
v 1.299038 -0.200000 -0.750000
v 1.448889 -0.200000 -0.388229
v 1.500000 -0.200000 0.000000
v 1.448889 -0.200000 0.388229
v 1.299038 -0.200000 0.750000
v 1.060660 -0.200000 1.060660
v 0.750000 -0.200000 1.299038
v 0.388229 -0.200000 1.448889
v 0.000000 -0.200000 1.500000
v -0.388229 -0.200000 1.448889
v -0.750000 -0.200000 1.299038
v -1.060660 -0.200000 1.060660
v -1.299038 -0.200000 0.750000
v -1.448889 -0.200000 0.388229
v -1.500000 0.000000 -0.000000
v -1.448889 0.000000 0.388229
v -1.299038 0.000000 0.750000
v -1.060660 0.000000 1.060660
v -0.750000 0.000000 1.299038
v -0.388229 0.000000 1.448889
v 0.000000 0.000000 1.500000
v 0.388229 0.000000 1.448889
v 0.750000 0.000000 1.299038
v 1.060660 0.000000 1.060660
v 1.299038 0.000000 0.750000
v 1.448889 0.000000 0.388229
v 1.500000 0.000000 0.000000
v 1.448889 0.000000 -0.388229
v 1.299038 0.000000 -0.750000
v 1.060660 0.000000 -1.060660
v 0.750000 0.000000 -1.299038
v 0.388229 0.000000 -1.448889
v 0.000000 0.000000 -1.500000
v -0.388229 0.000000 -1.448889
v -0.750000 0.000000 -1.299038
v -1.060660 0.000000 -1.060660
v -1.299038 0.000000 -0.750000
v -1.448889 0.000000 -0.388229
v 4.600000 -0.200000 -0.000000
v 4.613630 -0.200000 -0.103528
v 4.653590 -0.200000 -0.200000
v 4.717157 -0.200000 -0.282843
v 4.800000 -0.200000 -0.346410
v 4.896472 -0.200000 -0.386370
v 5.000000 -0.200000 -0.400000
v 5.103528 -0.200000 -0.386370
v 5.200000 -0.200000 -0.346410
v 5.282843 -0.200000 -0.282843
v 5.346410 -0.200000 -0.200000
v 5.386370 -0.200000 -0.103528
v 5.400000 -0.200000 0.000000
v 5.386370 -0.200000 0.103528
v 5.346410 -0.200000 0.200000
v 5.282843 -0.200000 0.282843
v 5.200000 -0.200000 0.346410
v 5.103528 -0.200000 0.386370
v 5.000000 -0.200000 0.400000
v 4.896472 -0.200000 0.386370
v 4.800000 -0.200000 0.346410
v 4.717157 -0.200000 0.282843
v 4.653590 -0.200000 0.200000
v 4.613630 -0.200000 0.103528
v 4.600000 0.000000 -0.000000
v 4.613630 0.000000 0.103528
v 4.653590 0.000000 0.200000
v 4.717157 0.000000 0.282843
v 4.800000 0.000000 0.346410
v 4.896472 0.000000 0.386370
v 5.000000 0.000000 0.400000
v 5.103528 0.000000 0.386370
v 5.200000 0.000000 0.346410
v 5.282843 0.000000 0.282843
v 5.346410 0.000000 0.200000
v 5.386370 0.000000 0.103528
v 5.400000 0.000000 0.000000
v 5.386370 0.000000 -0.103528
v 5.346410 0.000000 -0.200000
v 5.282843 0.000000 -0.282843
v 5.200000 0.000000 -0.346410
v 5.103528 0.000000 -0.386370
v 5.000000 0.000000 -0.400000
v 4.896472 0.000000 -0.386370
v 4.800000 0.000000 -0.346410
v 4.717157 0.000000 -0.282843
v 4.653590 0.000000 -0.200000
v 4.613630 0.000000 -0.103528
v 9.250000 -0.200000 -0.000000
v 9.275556 -0.200000 -0.194114
v 9.350481 -0.200000 -0.375000
v 9.469670 -0.200000 -0.530330
v 9.625000 -0.200000 -0.649519
v 9.805886 -0.200000 -0.724444
v 10.000000 -0.200000 -0.750000
v 10.194114 -0.200000 -0.724444
v 10.375000 -0.200000 -0.649519
v 10.530330 -0.200000 -0.530330
v 10.649519 -0.200000 -0.375000
v 10.724444 -0.200000 -0.194114
v 10.750000 -0.200000 0.000000
v 10.724444 -0.200000 0.194114
v 10.649519 -0.200000 0.375000
v 10.530330 -0.200000 0.530330
v 10.375000 -0.200000 0.649519
v 10.194114 -0.200000 0.724444
v 10.000000 -0.200000 0.750000
v 9.805886 -0.200000 0.724444
v 9.625000 -0.200000 0.649519
v 9.469670 -0.200000 0.530330
v 9.350481 -0.200000 0.375000
v 9.275556 -0.200000 0.194114
v 9.250000 0.000000 -0.000000
v 9.275556 0.000000 0.194114
v 9.350481 0.000000 0.375000
v 9.469670 0.000000 0.530330
v 9.625000 0.000000 0.649519
v 9.805886 0.000000 0.724444
v 10.000000 0.000000 0.750000
v 10.194114 0.000000 0.724444
v 10.375000 0.000000 0.649519
v 10.530330 0.000000 0.530330
v 10.649519 0.000000 0.375000
v 10.724444 0.000000 0.194114
v 10.750000 0.000000 0.000000
v 10.724444 0.000000 -0.194114
v 10.649519 0.000000 -0.375000
v 10.530330 0.000000 -0.530330
v 10.375000 0.000000 -0.649519
v 10.194114 0.000000 -0.724444
v 10.000000 0.000000 -0.750000
v 9.805886 0.000000 -0.724444
v 9.625000 0.000000 -0.649519
v 9.469670 0.000000 -0.530330
v 9.350481 0.000000 -0.375000
v 9.275556 0.000000 -0.194114
v 15.075057 0.000000 3.976434
v 7.575066 0.000000 3.987865
v 0.075075 0.000000 3.999295
v 0.075075 -0.200000 3.999295
v 7.575066 -0.200000 3.987865
v 15.075057 -0.200000 3.976434
v 15.062549 0.000000 -4.023556
v 15.894355 0.000000 -3.937475
v 16.690086 0.000000 -3.680329
v 17.414963 0.000000 -3.263357
v 18.037302 0.000000 -2.704783
v 18.529905 0.000000 -2.029020
v 18.871240 0.000000 -1.265606
v 19.046389 0.000000 -0.447905
v 19.047696 0.000000 0.388343
v 18.875105 0.000000 1.206587
v 18.536159 0.000000 1.971066
v 18.045672 0.000000 2.648365
v 17.425082 0.000000 3.208883
v 16.701513 0.000000 3.628120
v 15.906590 0.000000 3.887753
v 15.906590 -0.200000 3.887753
v 16.701513 -0.200000 3.628120
v 17.425082 -0.200000 3.208883
v 18.045672 -0.200000 2.648365
v 18.536159 -0.200000 1.971066
v 18.875105 -0.200000 1.206587
v 19.047696 -0.200000 0.388343
v 19.046389 -0.200000 -0.447905
v 18.871240 -0.200000 -1.265606
v 18.529905 -0.200000 -2.029020
v 18.037302 -0.200000 -2.704783
v 17.414963 -0.200000 -3.263357
v 16.690086 -0.200000 -3.680329
v 15.894355 -0.200000 -3.937475
v 15.062549 -0.200000 -4.023556
v 0.062549 0.000000 -3.999511
v 7.562549 0.000000 -4.011533
v 7.562549 -0.200000 -4.011533
v 0.062549 -0.200000 -3.999511
v -0.767073 0.000000 3.925761
v -1.574961 0.000000 3.676887
v -2.312505 0.000000 3.263790
v -2.946763 0.000000 2.704919
v -3.449408 0.000000 2.025236
v -3.797990 0.000000 1.255099
v -3.976939 0.000000 0.428904
v -3.978262 0.000000 -0.416447
v -3.801902 0.000000 -1.243198
v -3.455734 0.000000 -2.014423
v -2.955220 0.000000 -2.695677
v -2.322715 0.000000 -3.256531
v -1.586469 0.000000 -3.671936
v -0.779364 0.000000 -3.923339
v -0.779364 -0.200000 -3.923339
v -1.586469 -0.200000 -3.671936
v -2.322715 -0.200000 -3.256531
v -2.955220 -0.200000 -2.695677
v -3.455734 -0.200000 -2.014423
v -3.801902 -0.200000 -1.243198
v -3.978262 -0.200000 -0.416447
v -3.976939 -0.200000 0.428904
v -3.797990 -0.200000 1.255099
v -3.449408 -0.200000 2.025236
v -2.946763 -0.200000 2.704919
v -2.312505 -0.200000 3.263790
v -1.574961 -0.200000 3.676887
v -0.767073 -0.200000 3.925761
v 7.534717 -0.200000 -1.511781
v 7.534717 -0.200000 -0.750000
v 7.534717 -0.200000 -1.723201
v 7.534717 -0.200000 -0.473909
v 7.534717 0.000000 -1.511781
v 7.534717 0.000000 -0.473909
v 7.534717 0.000000 -1.723201
vt 0.200000 -4.319690 0.000000
vt -0.000000 -4.319690 0.000000
vt 0.200000 -4.712389 0.000000
vt -0.000000 -4.712389 0.000000
vt 0.200000 4.712389 0.000000
vt -0.000000 4.712389 0.000000
vt 0.200000 4.319690 0.000000
vt -0.000000 4.319690 0.000000
vt 0.200000 3.926991 0.000000
vt 0.000000 3.926991 0.000000
vt 0.200000 3.534292 0.000000
vt 0.000000 3.534292 0.000000
vt 0.200000 3.141593 0.000000
vt 0.000000 3.141593 0.000000
vt 0.200000 2.748894 0.000000
vt -0.000000 2.748894 0.000000
vt 0.200000 2.356194 0.000000
vt 0.000000 2.356194 0.000000
vt 0.200000 1.963495 0.000000
vt -0.000000 1.963495 0.000000
vt 0.200000 1.570796 0.000000
vt 0.000000 1.570796 0.000000
vt 0.200000 1.178097 0.000000
vt -0.000000 1.178097 0.000000
vt 0.200000 0.785398 0.000000
vt -0.000000 0.785398 0.000000
vt 0.200000 0.392699 0.000000
vt -0.000000 0.392699 0.000000
vt 0.200000 0.000000 0.000000
vt 0.000000 0.000000 0.000000
vt 0.200000 -0.392699 0.000000
vt 0.000000 -0.392699 0.000000
vt 0.200000 -0.785398 0.000000
vt 0.000000 -0.785398 0.000000
vt 0.200000 -1.178097 0.000000
vt -0.000000 -1.178097 0.000000
vt 0.200000 -1.570796 0.000000
vt 0.000000 -1.570796 0.000000
vt 0.200000 -1.963495 0.000000
vt 0.000000 -1.963495 0.000000
vt 0.200000 -2.356194 0.000000
vt 0.000000 -2.356194 0.000000
vt 0.200000 -2.748894 0.000000
vt -0.000000 -2.748894 0.000000
vt 0.200000 -3.141593 0.000000
vt -0.000000 -3.141593 0.000000
vt 0.200000 -3.534292 0.000000
vt -0.000000 -3.534292 0.000000
vt 0.200000 -3.926991 0.000000
vt -0.000000 -3.926991 0.000000
vt 0.200000 -4.319690 0.000000
vt -0.000000 -4.319690 0.000000
vt 0.200000 -4.712389 0.000000
vt -0.000000 -4.712389 0.000000
vt 0.200000 4.712389 0.000000
vt -0.000000 4.712389 0.000000
vt 0.200000 4.319690 0.000000
vt 0.000000 4.319690 0.000000
vt 0.200000 3.926991 0.000000
vt 0.000000 3.926991 0.000000
vt 0.200000 3.534292 0.000000
vt 0.000000 3.534292 0.000000
vt 0.200000 3.141593 0.000000
vt -0.000000 3.141593 0.000000
vt 0.200000 2.748894 0.000000
vt 0.000000 2.748894 0.000000
vt 0.200000 2.356194 0.000000
vt 0.000000 2.356194 0.000000
vt 0.200000 1.963495 0.000000
vt 0.000000 1.963495 0.000000
vt 0.200000 1.570796 0.000000
vt 0.000000 1.570796 0.000000
vt 0.200000 1.178097 0.000000
vt 0.000000 1.178097 0.000000
vt 0.200000 0.785398 0.000000
vt 0.000000 0.785398 0.000000
vt 0.200000 0.392699 0.000000
vt 0.000000 0.392699 0.000000
vt 0.200000 0.000000 0.000000
vt 0.000000 0.000000 0.000000
vt 0.200000 -0.392699 0.000000
vt 0.000000 -0.392699 0.000000
vt 0.200000 -0.785398 0.000000
vt 0.000000 -0.785398 0.000000
vt 0.200000 -1.178097 0.000000
vt 0.000000 -1.178097 0.000000
vt 0.200000 -1.570796 0.000000
vt 0.000000 -1.570796 0.000000
vt 0.200000 -1.963495 0.000000
vt 0.000000 -1.963495 0.000000
vt 0.200000 -2.356194 0.000000
vt 0.000000 -2.356194 0.000000
vt 0.200000 -2.748894 0.000000
vt -0.000000 -2.748894 0.000000
vt 0.200000 -3.141593 0.000000
vt -0.000000 -3.141593 0.000000
vt 0.200000 -3.534292 0.000000
vt -0.000000 -3.534292 0.000000
vt 0.200000 -3.926991 0.000000
vt -0.000000 -3.926991 0.000000
vt 0.200000 -1.151917 0.000000
vt -0.000000 -1.151917 0.000000
vt 0.200000 -1.256637 0.000000
vt -0.000000 -1.256637 0.000000
vt 0.200000 1.256637 0.000000
vt -0.000000 1.256637 0.000000
vt 0.200000 1.151917 0.000000
vt 0.000000 1.151917 0.000000
vt 0.200000 1.047198 0.000000
vt 0.000000 1.047198 0.000000
vt 0.200000 0.942478 0.000000
vt -0.000000 0.942478 0.000000
vt 0.200000 0.837758 0.000000
vt 0.000000 0.837758 0.000000
vt 0.200000 0.733038 0.000000
vt 0.000000 0.733038 0.000000
vt 0.200000 0.628319 0.000000
vt 0.000000 0.628319 0.000000
vt 0.200000 0.523599 0.000000
vt 0.000000 0.523599 0.000000
vt 0.200000 0.418879 0.000000
vt -0.000000 0.418879 0.000000
vt 0.200000 0.314159 0.000000
vt -0.000000 0.314159 0.000000
vt 0.200000 0.209440 0.000000
vt 0.000000 0.209440 0.000000
vt 0.200000 0.104720 0.000000
vt 0.000000 0.104720 0.000000
vt 0.200000 0.000000 0.000000
vt 0.000000 0.000000 0.000000
vt 0.200000 -0.104720 0.000000
vt 0.000000 -0.104720 0.000000
vt 0.200000 -0.209440 0.000000
vt 0.000000 -0.209440 0.000000
vt 0.200000 -0.314159 0.000000
vt 0.000000 -0.314159 0.000000
vt 0.200000 -0.418879 0.000000
vt 0.000000 -0.418879 0.000000
vt 0.200000 -0.523599 0.000000
vt 0.000000 -0.523599 0.000000
vt 0.200000 -0.628319 0.000000
vt 0.000000 -0.628319 0.000000
vt 0.200000 -0.733038 0.000000
vt -0.000000 -0.733038 0.000000
vt 0.200000 -0.837758 0.000000
vt -0.000000 -0.837758 0.000000
vt 0.200000 -0.942478 0.000000
vt -0.000000 -0.942478 0.000000
vt 0.200000 -1.047198 0.000000
vt -0.000000 -1.047198 0.000000
vt 0.200000 -2.159845 0.000000
vt -0.000000 -2.159845 0.000000
vt 0.200000 -2.356194 0.000000
vt -0.000000 -2.356194 0.000000
vt 0.200000 2.356194 0.000000
vt -0.000000 2.356194 0.000000
vt 0.200000 2.159845 0.000000
vt -0.000000 2.159845 0.000000
vt 0.200000 1.963495 0.000000
vt 0.000000 1.963495 0.000000
vt 0.200000 1.767146 0.000000
vt -0.000000 1.767146 0.000000
vt 0.200000 1.570796 0.000000
vt 0.000000 1.570796 0.000000
vt 0.200000 1.374447 0.000000
vt 0.000000 1.374447 0.000000
vt 0.200000 1.178097 0.000000
vt 0.000000 1.178097 0.000000
vt 0.200000 0.981748 0.000000
vt 0.000000 0.981748 0.000000
vt 0.200000 0.785398 0.000000
vt 0.000000 0.785398 0.000000
vt 0.200000 0.589049 0.000000
vt -0.000000 0.589049 0.000000
vt 0.200000 0.392699 0.000000
vt -0.000000 0.392699 0.000000
vt 0.200000 0.196350 0.000000
vt -0.000000 0.196350 0.000000
vt 0.200000 0.000000 0.000000
vt 0.000000 0.000000 0.000000
vt 0.200000 -0.196350 0.000000
vt 0.000000 -0.196350 0.000000
vt 0.200000 -0.392699 0.000000
vt 0.000000 -0.392699 0.000000
vt 0.200000 -0.589049 0.000000
vt -0.000000 -0.589049 0.000000
vt 0.200000 -0.785398 0.000000
vt 0.000000 -0.785398 0.000000
vt 0.200000 -0.981748 0.000000
vt -0.000000 -0.981748 0.000000
vt 0.200000 -1.178097 0.000000
vt 0.000000 -1.178097 0.000000
vt 0.200000 -1.374447 0.000000
vt -0.000000 -1.374447 0.000000
vt 0.200000 -1.570796 0.000000
vt -0.000000 -1.570796 0.000000
vt 0.200000 -1.767146 0.000000
vt -0.000000 -1.767146 0.000000
vt 0.200000 -1.963495 0.000000
vt -0.000000 -1.963495 0.000000
vt 0.000000 0.000000 0.000000
vt 7.500000 0.000000 0.000000
vt 0.000000 0.200000 0.000000
vt 7.500000 0.200000 0.000000
vt 15.000000 0.000000 0.000000
vt 15.000000 0.200000 0.000000
vt -0.200000 0.000000 0.000000
vt 0.000000 0.000000 0.000000
vt -0.200000 0.837779 0.000000
vt -0.000000 0.837779 0.000000
vt -0.200000 1.675558 0.000000
vt -0.000000 1.675558 0.000000
vt -0.200000 2.513337 0.000000
vt -0.000000 2.513337 0.000000
vt -0.200000 3.351116 0.000000
vt -0.000000 3.351116 0.000000
vt -0.200000 4.188895 0.000000
vt -0.000000 4.188895 0.000000
vt -0.200000 5.026675 0.000000
vt -0.000000 5.026675 0.000000
vt -0.200000 5.864454 0.000000
vt -0.000000 5.864454 0.000000
vt -0.200000 6.702233 0.000000
vt -0.000000 6.702233 0.000000
vt -0.200000 7.540012 0.000000
vt -0.000000 7.540012 0.000000
vt -0.200000 8.377791 0.000000
vt -0.000000 8.377791 0.000000
vt -0.200000 9.215570 0.000000
vt -0.000000 9.215570 0.000000
vt -0.200000 10.053349 0.000000
vt -0.000000 10.053349 0.000000
vt -0.200000 10.891128 0.000000
vt -0.000000 10.891128 0.000000
vt -0.200000 11.728907 0.000000
vt -0.000000 11.728907 0.000000
vt -0.200000 12.566686 0.000000
vt -0.000000 12.566686 0.000000
vt 0.000000 0.000000 0.000000
vt 7.500010 0.000000 0.000000
vt -0.000000 0.200000 0.000000
vt 7.500010 0.200000 0.000000
vt 15.000019 0.000000 0.000000
vt 15.000019 0.200000 0.000000
vt -0.200000 0.000000 0.000000
vt -0.000000 0.000000 0.000000
vt -0.200000 0.846933 0.000000
vt -0.000000 0.846933 0.000000
vt -0.200000 1.693867 0.000000
vt -0.000000 1.693867 0.000000
vt -0.200000 2.540800 0.000000
vt -0.000000 2.540800 0.000000
vt -0.200000 3.387734 0.000000
vt -0.000000 3.387734 0.000000
vt -0.200000 4.234667 0.000000
vt -0.000000 4.234667 0.000000
vt -0.200000 5.081601 0.000000
vt -0.000000 5.081601 0.000000
vt -0.200000 5.928534 0.000000
vt -0.000000 5.928534 0.000000
vt -0.200000 6.775467 0.000000
vt -0.000000 6.775467 0.000000
vt -0.200000 7.622401 0.000000
vt -0.000000 7.622401 0.000000
vt -0.200000 8.469334 0.000000
vt -0.000000 8.469334 0.000000
vt -0.200000 9.316268 0.000000
vt -0.000000 9.316268 0.000000
vt -0.200000 10.163201 0.000000
vt -0.000000 10.163201 0.000000
vt -0.200000 11.010134 0.000000
vt -0.000000 11.010134 0.000000
vt -0.200000 11.857068 0.000000
vt -0.000000 11.857068 0.000000
vt -0.200000 12.704001 0.000000
vt -0.000000 12.704001 0.000000
vt 1.741075 -0.182334 0.000000
vt 1.715519 0.011781 0.000000
vt 0.000236 -0.462129 0.000000
vt 1.741075 0.205895 0.000000
vt 1.816000 0.386781 0.000000
vt 1.935189 0.542111 0.000000
vt 0.040586 3.999645 0.000000
vt -2.251638 0.294623 0.000000
vt -2.334481 0.358191 0.000000
vt -2.430953 0.398151 0.000000
vt -2.534481 0.411781 0.000000
vt -2.638008 0.398151 0.000000
vt -6.784481 1.310819 0.000000
vt -6.473820 1.072441 0.000000
vt 2.090519 0.661300 0.000000
vt 2.271405 0.736225 0.000000
vt 2.465519 0.761781 0.000000
vt 2.659634 0.736225 0.000000
vt 6.784481 1.287258 0.000000
vt 7.540577 3.988215 0.000000
vt 7.146252 1.437108 0.000000
vt 7.534481 1.488219 0.000000
vt 6.473820 1.048880 0.000000
vt 2.840519 0.661300 0.000000
vt 2.995850 0.542111 0.000000
vt 6.235442 0.738219 0.000000
vt 3.115039 0.386781 0.000000
vt 6.085592 0.376448 0.000000
vt 3.189964 0.205895 0.000000
vt 6.034481 -0.011781 0.000000
vt 3.215519 0.011781 0.000000
vt 3.189964 -0.182334 0.000000
vt 6.085592 -0.400009 0.000000
vt 3.115039 -0.363219 0.000000
vt 6.235442 -0.761781 0.000000
vt 2.995850 -0.518550 0.000000
vt 2.840519 -0.637739 0.000000
vt 6.473820 -1.072441 0.000000
vt 2.659634 -0.712664 0.000000
vt 6.784481 -1.310819 0.000000
vt 0.028069 -3.999753 0.000000
vt 7.528069 -4.011775 0.000000
vt 2.465519 -0.738219 0.000000
vt 0.000236 -1.711421 0.000000
vt -2.534481 -0.388219 0.000000
vt -2.430953 -0.374590 0.000000
vt 0.000236 -1.500000 0.000000
vt -2.334481 -0.334630 0.000000
vt 0.000236 -0.738219 0.000000
vt -2.251638 -0.271062 0.000000
vt -2.188070 -0.188219 0.000000
vt -2.148110 -0.091747 0.000000
vt -2.134481 0.011781 0.000000
vt -2.148110 0.115308 0.000000
vt -2.188070 0.211781 0.000000
vt 2.271405 -0.712664 0.000000
vt 2.090519 -0.637739 0.000000
vt 1.935189 -0.518550 0.000000
vt 1.816000 -0.363219 0.000000
vt -2.920851 -0.091747 0.000000
vt -2.934481 0.011781 0.000000
vt -6.034481 0.011781 0.000000
vt -2.920851 0.115308 0.000000
vt -6.085592 0.400009 0.000000
vt -2.880891 0.211781 0.000000
vt -2.817323 0.294623 0.000000
vt -6.235442 0.761781 0.000000
vt -2.734481 0.358191 0.000000
vt -2.638008 -0.374590 0.000000
vt -6.784481 -1.287258 0.000000
vt -7.471931 -3.987730 0.000000
vt -7.146252 -1.437108 0.000000
vt -7.534481 -1.488219 0.000000
vt -6.473820 -1.048880 0.000000
vt -2.734481 -0.334630 0.000000
vt -6.235442 -0.738219 0.000000
vt -2.817323 -0.271062 0.000000
vt -6.085592 -0.376448 0.000000
vt -2.880891 -0.188219 0.000000
vt -8.983369 0.400009 0.000000
vt -11.511419 0.440685 0.000000
vt -9.034481 0.011781 0.000000
vt -11.512743 -0.404666 0.000000
vt -8.983369 -0.376448 0.000000
vt -11.336382 -1.231418 0.000000
vt -8.833519 -0.738219 0.000000
vt -10.990215 -2.002643 0.000000
vt -8.595141 -1.048880 0.000000
vt -8.284481 -1.287258 0.000000
vt -10.489701 -2.683896 0.000000
vt -9.857196 -3.244751 0.000000
vt -11.332470 1.266880 0.000000
vt -8.833519 0.761781 0.000000
vt -8.595141 1.072441 0.000000
vt -10.983889 2.037017 0.000000
vt -8.284481 1.310819 0.000000
vt -10.481244 2.716699 0.000000
vt -9.846985 3.275570 0.000000
vt -7.922709 1.460669 0.000000
vt -9.109441 3.688668 0.000000
vt -7.534481 1.511781 0.000000
vt -8.301554 3.937541 0.000000
vt -7.459406 4.011076 0.000000
vt -7.146252 1.460669 0.000000
vt -7.922709 -1.437108 0.000000
vt -9.120949 -3.660156 0.000000
vt -8.313845 -3.911559 0.000000
vt 7.922709 1.437108 0.000000
vt 9.167033 3.639900 0.000000
vt 8.372110 3.899533 0.000000
vt 9.890602 3.220663 0.000000
vt 8.284481 1.287258 0.000000
vt 10.511192 2.660146 0.000000
vt 11.001679 1.982846 0.000000
vt 8.595141 1.048880 0.000000
vt 8.833519 0.738219 0.000000
vt 11.340625 1.218368 0.000000
vt 8.983369 0.376448 0.000000
vt 11.513216 0.400123 0.000000
vt 9.034481 -0.011781 0.000000
vt 11.511908 -0.436124 0.000000
vt 8.983369 -0.400009 0.000000
vt 11.336759 -1.253825 0.000000
vt 8.833519 -0.761781 0.000000
vt 10.995424 -2.017240 0.000000
vt 8.595141 -1.072441 0.000000
vt 8.284481 -1.310819 0.000000
vt 7.922709 -1.460669 0.000000
vt 9.880482 -3.251576 0.000000
vt 10.502822 -2.693002 0.000000
vt 9.155606 -3.668549 0.000000
vt 7.534481 -1.511781 0.000000
vt 8.359875 -3.925695 0.000000
vt 7.146252 -1.460669 0.000000
vt -1.741075 0.205895 0.000000
vt -1.715519 0.011781 0.000000
vt -0.000236 -0.462129 0.000000
vt -1.741075 -0.182334 0.000000
vt -1.816000 -0.363219 0.000000
vt -1.935189 -0.518550 0.000000
vt -0.000236 -1.500000 0.000000
vt 2.334481 -0.334630 0.000000
vt 2.430953 -0.374590 0.000000
vt -0.000236 -1.711421 0.000000
vt 2.534481 -0.388219 0.000000
vt 2.638008 -0.374590 0.000000
vt 7.471931 -3.987730 0.000000
vt 6.784481 -1.287258 0.000000
vt 7.146252 -1.437108 0.000000
vt 7.534481 -1.488219 0.000000
vt 8.313845 -3.911559 0.000000
vt 9.120949 -3.660156 0.000000
vt -2.090519 -0.637739 0.000000
vt -2.271405 -0.712664 0.000000
vt -2.465519 -0.738219 0.000000
vt -0.028069 -3.999753 0.000000
vt -2.659634 -0.712664 0.000000
vt -6.784481 -1.310819 0.000000
vt -6.473820 -1.072441 0.000000
vt -2.840519 -0.637739 0.000000
vt -6.235442 -0.761781 0.000000
vt -2.995850 -0.518550 0.000000
vt -3.115039 -0.363219 0.000000
vt -6.085592 -0.400009 0.000000
vt -3.189964 -0.182334 0.000000
vt -6.034481 -0.011781 0.000000
vt -3.215519 0.011781 0.000000
vt -3.189964 0.205895 0.000000
vt -6.085592 0.376448 0.000000
vt -3.115039 0.386781 0.000000
vt -6.235442 0.738219 0.000000
vt -2.995850 0.542111 0.000000
vt -6.473820 1.048880 0.000000
vt -2.840519 0.661300 0.000000
vt -2.659634 0.736225 0.000000
vt -2.465519 0.761781 0.000000
vt -0.040586 3.999645 0.000000
vt -6.784481 1.287258 0.000000
vt -2.271405 0.736225 0.000000
vt -2.090519 0.661300 0.000000
vt -1.935189 0.542111 0.000000
vt -1.816000 0.386781 0.000000
vt 2.920851 0.115308 0.000000
vt 2.934481 0.011781 0.000000
vt 6.034481 0.011781 0.000000
vt 2.920851 -0.091747 0.000000
vt 6.085592 -0.376448 0.000000
vt 2.880891 -0.188219 0.000000
vt 2.817323 -0.271062 0.000000
vt 6.235442 -0.738219 0.000000
vt 2.734481 -0.334630 0.000000
vt 6.473820 -1.048880 0.000000
vt 2.251638 -0.271062 0.000000
vt 2.188070 -0.188219 0.000000
vt 2.148110 -0.091747 0.000000
vt 2.134481 0.011781 0.000000
vt 2.148110 0.115308 0.000000
vt 2.188070 0.211781 0.000000
vt 2.251638 0.294623 0.000000
vt 2.334481 0.358191 0.000000
vt 2.430953 0.398151 0.000000
vt 2.534481 0.411781 0.000000
vt 2.638008 0.398151 0.000000
vt 6.784481 1.310819 0.000000
vt 7.459406 4.011076 0.000000
vt 7.146252 1.460669 0.000000
vt 7.534481 1.511781 0.000000
vt 6.473820 1.072441 0.000000
vt 2.734481 0.358191 0.000000
vt 6.235442 0.761781 0.000000
vt 2.817323 0.294623 0.000000
vt 6.085592 0.400009 0.000000
vt 2.880891 0.211781 0.000000
vt 8.983369 -0.376448 0.000000
vt 11.512743 -0.404666 0.000000
vt 9.034481 0.011781 0.000000
vt 11.511419 0.440685 0.000000
vt 8.983369 0.400009 0.000000
vt 11.332470 1.266880 0.000000
vt 8.833519 0.761781 0.000000
vt 8.595141 1.072441 0.000000
vt 10.983889 2.037017 0.000000
vt 8.284481 1.310819 0.000000
vt 10.481244 2.716699 0.000000
vt 9.846985 3.275570 0.000000
vt 11.336382 -1.231418 0.000000
vt 8.833519 -0.738219 0.000000
vt 10.990215 -2.002643 0.000000
vt 8.595141 -1.048880 0.000000
vt 8.284481 -1.287258 0.000000
vt 7.922709 -1.437108 0.000000
vt 9.857196 -3.244751 0.000000
vt 10.489701 -2.683896 0.000000
vt 7.922709 1.460669 0.000000
vt 9.109441 3.688668 0.000000
vt 8.301554 3.937541 0.000000
vt -7.528069 -4.011775 0.000000
vt -7.146252 -1.460669 0.000000
vt -7.534481 -1.511781 0.000000
vt -7.922709 -1.460669 0.000000
vt -9.155606 -3.668549 0.000000
vt -8.359875 -3.925695 0.000000
vt -9.880482 -3.251576 0.000000
vt -8.284481 -1.310819 0.000000
vt -10.502822 -2.693002 0.000000
vt -10.995424 -2.017240 0.000000
vt -8.595141 -1.072441 0.000000
vt -8.833519 -0.761781 0.000000
vt -11.336759 -1.253825 0.000000
vt -8.983369 -0.400009 0.000000
vt -11.511908 -0.436124 0.000000
vt -9.034481 -0.011781 0.000000
vt -11.513216 0.400123 0.000000
vt -8.983369 0.376448 0.000000
vt -11.340625 1.218368 0.000000
vt -8.833519 0.738219 0.000000
vt -11.001679 1.982846 0.000000
vt -8.595141 1.048880 0.000000
vt -8.284481 1.287258 0.000000
vt -7.922709 1.437108 0.000000
vt -9.890602 3.220663 0.000000
vt -10.511192 2.660146 0.000000
vt -9.167033 3.639900 0.000000
vt -7.534481 1.488219 0.000000
vt -8.372110 3.899533 0.000000
vt -7.540577 3.988215 0.000000
vt -7.146252 1.437108 0.000000
vn 0.965926 0.000000 0.258819
vn 0.965926 0.000000 0.258819
vn 1.000000 0.000000 0.000000
vn 1.000000 0.000000 0.000000
vn 0.965926 0.000000 -0.258819
vn 0.965926 0.000000 -0.258819
vn 0.866025 0.000000 -0.500000
vn 0.866025 0.000000 -0.500000
vn 0.707107 0.000000 -0.707107
vn 0.707107 0.000000 -0.707107
vn 0.500000 0.000000 -0.866025
vn 0.500000 0.000000 -0.866025
vn 0.258819 0.000000 -0.965926
vn 0.258819 0.000000 -0.965926
vn -0.000000 -0.000000 -1.000000
vn -0.000000 -0.000000 -1.000000
vn -0.258819 -0.000000 -0.965926
vn -0.258819 -0.000000 -0.965926
vn -0.500000 -0.000000 -0.866025
vn -0.500000 -0.000000 -0.866025
vn -0.707107 -0.000000 -0.707107
vn -0.707107 -0.000000 -0.707107
vn -0.866025 -0.000000 -0.500000
vn -0.866025 -0.000000 -0.500000
vn -0.965926 -0.000000 -0.258819
vn -0.965926 -0.000000 -0.258819
vn -1.000000 -0.000000 0.000000
vn -1.000000 -0.000000 0.000000
vn -0.965926 0.000000 0.258819
vn -0.965926 0.000000 0.258819
vn -0.866025 0.000000 0.500000
vn -0.866025 0.000000 0.500000
vn -0.707107 0.000000 0.707107
vn -0.707107 0.000000 0.707107
vn -0.500000 0.000000 0.866025
vn -0.500000 0.000000 0.866025
vn -0.258819 0.000000 0.965926
vn -0.258819 0.000000 0.965926
vn -0.000000 0.000000 1.000000
vn -0.000000 0.000000 1.000000
vn 0.258819 0.000000 0.965926
vn 0.258819 0.000000 0.965926
vn 0.500000 0.000000 0.866025
vn 0.500000 0.000000 0.866025
vn 0.707107 0.000000 0.707107
vn 0.707107 0.000000 0.707107
vn 0.866025 0.000000 0.500000
vn 0.866025 0.000000 0.500000
vn 0.965926 0.000000 0.258819
vn 0.965926 0.000000 0.258819
vn 1.000000 0.000000 0.000000
vn 1.000000 0.000000 0.000000
vn 0.965926 0.000000 -0.258819
vn 0.965926 0.000000 -0.258819
vn 0.866025 0.000000 -0.500000
vn 0.866025 0.000000 -0.500000
vn 0.707107 0.000000 -0.707107
vn 0.707107 0.000000 -0.707107
vn 0.500000 0.000000 -0.866025
vn 0.500000 0.000000 -0.866025
vn 0.258819 0.000000 -0.965926
vn 0.258819 0.000000 -0.965926
vn -0.000000 -0.000000 -1.000000
vn -0.000000 -0.000000 -1.000000
vn -0.258819 -0.000000 -0.965926
vn -0.258819 -0.000000 -0.965926
vn -0.500000 -0.000000 -0.866025
vn -0.500000 -0.000000 -0.866025
vn -0.707107 -0.000000 -0.707107
vn -0.707107 -0.000000 -0.707107
vn -0.866025 -0.000000 -0.500000
vn -0.866025 -0.000000 -0.500000
vn -0.965926 -0.000000 -0.258819
vn -0.965926 -0.000000 -0.258819
vn -1.000000 -0.000000 0.000000
vn -1.000000 -0.000000 0.000000
vn -0.965926 0.000000 0.258819
vn -0.965926 0.000000 0.258819
vn -0.866025 0.000000 0.500000
vn -0.866025 0.000000 0.500000
vn -0.707107 0.000000 0.707107
vn -0.707107 0.000000 0.707107
vn -0.500000 0.000000 0.866025
vn -0.500000 0.000000 0.866025
vn -0.258819 0.000000 0.965926
vn -0.258819 0.000000 0.965926
vn -0.000000 0.000000 1.000000
vn -0.000000 0.000000 1.000000
vn 0.258819 0.000000 0.965926
vn 0.258819 0.000000 0.965926
vn 0.500000 0.000000 0.866025
vn 0.500000 0.000000 0.866025
vn 0.707107 0.000000 0.707107
vn 0.707107 0.000000 0.707107
vn 0.866025 0.000000 0.500000
vn 0.866025 0.000000 0.500000
vn 0.965926 0.000000 0.258819
vn 0.965926 0.000000 0.258819
vn 1.000000 0.000000 0.000000
vn 1.000000 0.000000 0.000000
vn 0.965926 0.000000 -0.258819
vn 0.965926 0.000000 -0.258819
vn 0.866025 0.000000 -0.500000
vn 0.866025 0.000000 -0.500000
vn 0.707107 0.000000 -0.707107
vn 0.707107 0.000000 -0.707107
vn 0.500000 0.000000 -0.866025
vn 0.500000 0.000000 -0.866025
vn 0.258819 0.000000 -0.965926
vn 0.258819 0.000000 -0.965926
vn -0.000000 -0.000000 -1.000000
vn -0.000000 -0.000000 -1.000000
vn -0.258819 -0.000000 -0.965926
vn -0.258819 -0.000000 -0.965926
vn -0.500000 -0.000000 -0.866025
vn -0.500000 -0.000000 -0.866025
vn -0.707107 -0.000000 -0.707107
vn -0.707107 -0.000000 -0.707107
vn -0.866025 -0.000000 -0.500000
vn -0.866025 -0.000000 -0.500000
vn -0.965926 -0.000000 -0.258819
vn -0.965926 -0.000000 -0.258819
vn -1.000000 -0.000000 0.000000
vn -1.000000 -0.000000 0.000000
vn -0.965926 0.000000 0.258819
vn -0.965926 0.000000 0.258819
vn -0.866025 0.000000 0.500000
vn -0.866025 0.000000 0.500000
vn -0.707107 0.000000 0.707107
vn -0.707107 0.000000 0.707107
vn -0.500000 0.000000 0.866025
vn -0.500000 0.000000 0.866025
vn -0.258819 0.000000 0.965926
vn -0.258819 0.000000 0.965926
vn -0.000000 0.000000 1.000000
vn -0.000000 0.000000 1.000000
vn 0.258819 0.000000 0.965926
vn 0.258819 0.000000 0.965926
vn 0.500000 0.000000 0.866025
vn 0.500000 0.000000 0.866025
vn 0.707107 0.000000 0.707107
vn 0.707107 0.000000 0.707107
vn 0.866025 0.000000 0.500000
vn 0.866025 0.000000 0.500000
vn 0.965926 0.000000 0.258819
vn 0.965926 0.000000 0.258819
vn 1.000000 0.000000 0.000000
vn 1.000000 0.000000 0.000000
vn 0.965926 0.000000 -0.258819
vn 0.965926 0.000000 -0.258819
vn 0.866025 0.000000 -0.500000
vn 0.866025 0.000000 -0.500000
vn 0.707107 0.000000 -0.707107
vn 0.707107 0.000000 -0.707107
vn 0.500000 0.000000 -0.866025
vn 0.500000 0.000000 -0.866025
vn 0.258819 0.000000 -0.965926
vn 0.258819 0.000000 -0.965926
vn -0.000000 -0.000000 -1.000000
vn -0.000000 -0.000000 -1.000000
vn -0.258819 -0.000000 -0.965926
vn -0.258819 -0.000000 -0.965926
vn -0.500000 -0.000000 -0.866025
vn -0.500000 -0.000000 -0.866025
vn -0.707107 -0.000000 -0.707107
vn -0.707107 -0.000000 -0.707107
vn -0.866025 -0.000000 -0.500000
vn -0.866025 -0.000000 -0.500000
vn -0.965926 -0.000000 -0.258819
vn -0.965926 -0.000000 -0.258819
vn -1.000000 -0.000000 0.000000
vn -1.000000 -0.000000 0.000000
vn -0.965926 0.000000 0.258819
vn -0.965926 0.000000 0.258819
vn -0.866025 0.000000 0.500000
vn -0.866025 0.000000 0.500000
vn -0.707107 0.000000 0.707107
vn -0.707107 0.000000 0.707107
vn -0.500000 0.000000 0.866025
vn -0.500000 0.000000 0.866025
vn -0.258819 0.000000 0.965926
vn -0.258819 0.000000 0.965926
vn -0.000000 0.000000 1.000000
vn -0.000000 0.000000 1.000000
vn 0.258819 0.000000 0.965926
vn 0.258819 0.000000 0.965926
vn 0.500000 0.000000 0.866025
vn 0.500000 0.000000 0.866025
vn 0.707107 0.000000 0.707107
vn 0.707107 0.000000 0.707107
vn 0.866025 0.000000 0.500000
vn 0.866025 0.000000 0.500000
vn 0.001524 0.000000 0.999999
vn 0.001524 0.000000 0.999999
vn 0.001524 0.000000 0.999999
vn 0.001524 0.000000 0.999999
vn 0.001524 0.000000 0.999999
vn 0.001524 0.000000 0.999999
vn -0.001603 -0.000000 -0.999999
vn -0.001603 -0.000000 -0.999999
vn 0.206349 -0.000000 -0.978479
vn 0.206349 -0.000000 -0.978479
vn 0.405281 -0.000000 -0.914192
vn 0.405281 -0.000000 -0.914192
vn 0.586500 -0.000000 -0.809949
vn 0.586500 -0.000000 -0.809949
vn 0.742085 -0.000000 -0.670305
vn 0.742085 -0.000000 -0.670305
vn 0.865236 -0.000000 -0.501365
vn 0.865236 -0.000000 -0.501365
vn 0.950570 -0.000000 -0.310511
vn 0.950570 -0.000000 -0.310511
vn 0.994357 -0.000000 -0.106086
vn 0.994357 -0.000000 -0.106086
vn 0.994684 0.000000 0.102976
vn 0.994684 0.000000 0.102976
vn 0.951536 0.000000 0.307537
vn 0.951536 0.000000 0.307537
vn 0.866800 0.000000 0.498657
vn 0.866800 0.000000 0.498657
vn 0.744178 0.000000 0.667982
vn 0.744178 0.000000 0.667982
vn 0.589030 0.000000 0.808111
vn 0.589030 0.000000 0.808111
vn 0.408138 0.000000 0.912920
vn 0.408138 0.000000 0.912920
vn 0.209407 0.000000 0.977828
vn 0.209407 0.000000 0.977828
vn -0.001603 -0.000000 -0.999999
vn -0.001603 -0.000000 -0.999999
vn -0.001603 -0.000000 -0.999999
vn -0.001603 -0.000000 -0.999999
vn 0.018769 0.000000 0.999824
vn 0.018769 0.000000 0.999824
vn -0.191768 -0.000000 0.981440
vn -0.191768 -0.000000 0.981440
vn -0.393740 -0.000000 0.919222
vn -0.393740 -0.000000 0.919222
vn -0.578126 -0.000000 0.815947
vn -0.578126 -0.000000 0.815947
vn -0.736691 -0.000000 0.676230
vn -0.736691 -0.000000 0.676230
vn -0.862352 -0.000000 0.506309
vn -0.862352 -0.000000 0.506309
vn -0.949497 -0.000000 0.313775
vn -0.949497 -0.000000 0.313775
vn -0.994235 -0.000000 0.107226
vn -0.994235 -0.000000 0.107226
vn -0.994566 -0.000000 -0.104112
vn -0.994566 -0.000000 -0.104112
vn -0.950475 -0.000000 -0.310800
vn -0.950475 -0.000000 -0.310800
vn -0.863934 -0.000000 -0.503606
vn -0.863934 -0.000000 -0.503606
vn -0.738805 -0.000000 -0.673919
vn -0.738805 -0.000000 -0.673919
vn -0.580679 -0.000000 -0.814133
vn -0.580679 -0.000000 -0.814133
vn -0.396617 -0.000000 -0.917984
vn -0.396617 -0.000000 -0.917984
vn -0.194841 -0.000000 -0.980835
vn -0.194841 -0.000000 -0.980835
vn 0.015637 -0.000000 -0.999878
vn 0.015637 -0.000000 -0.999878
vn 0.000000 -1.000000 0.000000
vn 0.000000 -1.000000 0.000000
vn 0.000000 -1.000000 0.000000
vn 0.000000 -1.000000 0.000000
vn 0.000000 -1.000000 0.000000
vn 0.000000 -1.000000 0.000000
vn 0.000000 -1.000000 0.000000
vn 0.000000 -1.000000 0.000000
vn 0.000000 -1.000000 0.000000
vn 0.000000 -1.000000 0.000000
vn 0.000000 -1.000000 0.000000
vn 0.000000 -1.000000 0.000000
vn 0.000000 -1.000000 0.000000
vn 0.000000 -1.000000 0.000000
vn 0.000000 -1.000000 0.000000
vn 0.000000 -1.000000 0.000000
vn 0.000000 -1.000000 0.000000
vn 0.000000 -1.000000 0.000000
vn 0.000000 -1.000000 0.000000
vn 0.000000 -1.000000 0.000000
vn 0.000000 -1.000000 0.000000
vn 0.000000 -1.000000 0.000000
vn 0.000000 -1.000000 0.000000
vn 0.000000 -1.000000 0.000000
vn 0.000000 -1.000000 0.000000
vn 0.000000 -1.000000 0.000000
vn 0.000000 -1.000000 0.000000
vn 0.000000 -1.000000 0.000000
vn 0.000000 -1.000000 0.000000
vn 0.000000 -1.000000 0.000000
vn 0.000000 -1.000000 0.000000
vn 0.000000 -1.000000 0.000000
vn 0.000000 -1.000000 0.000000
vn 0.000000 -1.000000 0.000000
vn 0.000000 -1.000000 0.000000
vn 0.000000 -1.000000 0.000000
vn 0.000000 -1.000000 0.000000
vn 0.000000 -1.000000 0.000000
vn 0.000000 -1.000000 0.000000
vn 0.000000 -1.000000 0.000000
vn 0.000000 -1.000000 0.000000
vn 0.000000 -1.000000 0.000000
vn 0.000000 -1.000000 0.000000
vn 0.000000 -1.000000 0.000000
vn 0.000000 -1.000000 0.000000
vn 0.000000 -1.000000 0.000000
vn 0.000000 -1.000000 0.000000
vn 0.000000 -1.000000 0.000000
vn 0.000000 -1.000000 0.000000
vn 0.000000 -1.000000 0.000000
vn 0.000000 -1.000000 0.000000
vn 0.000000 -1.000000 0.000000
vn 0.000000 -1.000000 0.000000
vn 0.000000 -1.000000 0.000000
vn 0.000000 -1.000000 0.000000
vn 0.000000 -1.000000 0.000000
vn 0.000000 -1.000000 0.000000
vn 0.000000 -1.000000 0.000000
vn 0.000000 -1.000000 0.000000
vn 0.000000 -1.000000 0.000000
vn 0.000000 -1.000000 0.000000
vn 0.000000 -1.000000 0.000000
vn 0.000000 -1.000000 0.000000
vn 0.000000 -1.000000 0.000000
vn 0.000000 -1.000000 0.000000
vn 0.000000 -1.000000 0.000000
vn 0.000000 -1.000000 0.000000
vn 0.000000 -1.000000 0.000000
vn 0.000000 -1.000000 0.000000
vn 0.000000 -1.000000 0.000000
vn 0.000000 -1.000000 0.000000
vn 0.000000 -1.000000 0.000000
vn 0.000000 -1.000000 0.000000
vn 0.000000 -1.000000 0.000000
vn 0.000000 -1.000000 0.000000
vn 0.000000 -1.000000 0.000000
vn 0.000000 -1.000000 0.000000
vn 0.000000 -1.000000 0.000000
vn 0.000000 -1.000000 0.000000
vn 0.000000 -1.000000 0.000000
vn 0.000000 -1.000000 0.000000
vn 0.000000 -1.000000 0.000000
vn 0.000000 -1.000000 0.000000
vn 0.000000 -1.000000 0.000000
vn 0.000000 -1.000000 0.000000
vn 0.000000 -1.000000 0.000000
vn 0.000000 -1.000000 0.000000
vn 0.000000 -1.000000 0.000000
vn 0.000000 -1.000000 0.000000
vn 0.000000 -1.000000 0.000000
vn 0.000000 -1.000000 0.000000
vn 0.000000 -1.000000 0.000000
vn 0.000000 -1.000000 0.000000
vn 0.000000 -1.000000 0.000000
vn 0.000000 -1.000000 0.000000
vn 0.000000 -1.000000 0.000000
vn 0.000000 -1.000000 0.000000
vn 0.000000 -1.000000 0.000000
vn 0.000000 -1.000000 0.000000
vn 0.000000 -1.000000 0.000000
vn 0.000000 -1.000000 0.000000
vn 0.000000 -1.000000 0.000000
vn 0.000000 -1.000000 0.000000
vn 0.000000 -1.000000 0.000000
vn 0.000000 -1.000000 0.000000
vn 0.000000 -1.000000 0.000000
vn 0.000000 -1.000000 0.000000
vn 0.000000 -1.000000 0.000000
vn 0.000000 -1.000000 0.000000
vn 0.000000 -1.000000 0.000000
vn 0.000000 -1.000000 0.000000
vn 0.000000 -1.000000 0.000000
vn 0.000000 -1.000000 0.000000
vn 0.000000 -1.000000 0.000000
vn 0.000000 -1.000000 0.000000
vn 0.000000 -1.000000 0.000000
vn 0.000000 -1.000000 0.000000
vn 0.000000 -1.000000 0.000000
vn 0.000000 -1.000000 0.000000
vn 0.000000 -1.000000 0.000000
vn 0.000000 -1.000000 0.000000
vn 0.000000 -1.000000 0.000000
vn 0.000000 -1.000000 0.000000
vn 0.000000 -1.000000 0.000000
vn 0.000000 -1.000000 0.000000
vn 0.000000 -1.000000 0.000000
vn 0.000000 -1.000000 0.000000
vn 0.000000 -1.000000 0.000000
vn 0.000000 -1.000000 0.000000
vn 0.000000 -1.000000 0.000000
vn 0.000000 -1.000000 0.000000
vn 0.000000 -1.000000 0.000000
vn 0.000000 -1.000000 0.000000
vn 0.000000 -1.000000 0.000000
vn -0.000000 1.000000 -0.000000
vn -0.000000 1.000000 -0.000000
vn -0.000000 1.000000 -0.000000
vn -0.000000 1.000000 -0.000000
vn -0.000000 1.000000 -0.000000
vn -0.000000 1.000000 -0.000000
vn -0.000000 1.000000 -0.000000
vn -0.000000 1.000000 -0.000000
vn -0.000000 1.000000 -0.000000
vn -0.000000 1.000000 -0.000000
vn -0.000000 1.000000 -0.000000
vn -0.000000 1.000000 -0.000000
vn -0.000000 1.000000 -0.000000
vn -0.000000 1.000000 -0.000000
vn -0.000000 1.000000 -0.000000
vn -0.000000 1.000000 -0.000000
vn -0.000000 1.000000 -0.000000
vn -0.000000 1.000000 -0.000000
vn -0.000000 1.000000 -0.000000
vn -0.000000 1.000000 -0.000000
vn -0.000000 1.000000 -0.000000
vn -0.000000 1.000000 -0.000000
vn -0.000000 1.000000 -0.000000
vn -0.000000 1.000000 -0.000000
vn -0.000000 1.000000 -0.000000
vn -0.000000 1.000000 -0.000000
vn -0.000000 1.000000 -0.000000
vn -0.000000 1.000000 -0.000000
vn -0.000000 1.000000 -0.000000
vn -0.000000 1.000000 -0.000000
vn -0.000000 1.000000 -0.000000
vn -0.000000 1.000000 -0.000000
vn -0.000000 1.000000 -0.000000
vn -0.000000 1.000000 -0.000000
vn -0.000000 1.000000 -0.000000
vn -0.000000 1.000000 -0.000000
vn -0.000000 1.000000 -0.000000
vn -0.000000 1.000000 -0.000000
vn -0.000000 1.000000 -0.000000
vn -0.000000 1.000000 -0.000000
vn -0.000000 1.000000 -0.000000
vn -0.000000 1.000000 -0.000000
vn -0.000000 1.000000 -0.000000
vn -0.000000 1.000000 -0.000000
vn -0.000000 1.000000 -0.000000
vn -0.000000 1.000000 -0.000000
vn -0.000000 1.000000 -0.000000
vn -0.000000 1.000000 -0.000000
vn -0.000000 1.000000 -0.000000
vn -0.000000 1.000000 -0.000000
vn -0.000000 1.000000 -0.000000
vn -0.000000 1.000000 -0.000000
vn -0.000000 1.000000 -0.000000
vn -0.000000 1.000000 -0.000000
vn -0.000000 1.000000 -0.000000
vn -0.000000 1.000000 -0.000000
vn -0.000000 1.000000 -0.000000
vn -0.000000 1.000000 -0.000000
vn -0.000000 1.000000 -0.000000
vn -0.000000 1.000000 -0.000000
vn -0.000000 1.000000 -0.000000
vn -0.000000 1.000000 -0.000000
vn -0.000000 1.000000 -0.000000
vn -0.000000 1.000000 -0.000000
vn -0.000000 1.000000 -0.000000
vn -0.000000 1.000000 -0.000000
vn -0.000000 1.000000 -0.000000
vn -0.000000 1.000000 -0.000000
vn -0.000000 1.000000 -0.000000
vn -0.000000 1.000000 -0.000000
vn -0.000000 1.000000 -0.000000
vn -0.000000 1.000000 -0.000000
vn -0.000000 1.000000 -0.000000
vn -0.000000 1.000000 -0.000000
vn -0.000000 1.000000 -0.000000
vn -0.000000 1.000000 -0.000000
vn -0.000000 1.000000 -0.000000
vn -0.000000 1.000000 -0.000000
vn -0.000000 1.000000 -0.000000
vn -0.000000 1.000000 -0.000000
vn -0.000000 1.000000 -0.000000
vn -0.000000 1.000000 -0.000000
vn -0.000000 1.000000 -0.000000
vn -0.000000 1.000000 -0.000000
vn -0.000000 1.000000 -0.000000
vn -0.000000 1.000000 -0.000000
vn -0.000000 1.000000 -0.000000
vn -0.000000 1.000000 -0.000000
vn -0.000000 1.000000 -0.000000
vn -0.000000 1.000000 -0.000000
vn -0.000000 1.000000 -0.000000
vn -0.000000 1.000000 -0.000000
vn -0.000000 1.000000 -0.000000
vn -0.000000 1.000000 -0.000000
vn -0.000000 1.000000 -0.000000
vn -0.000000 1.000000 -0.000000
vn -0.000000 1.000000 -0.000000
vn -0.000000 1.000000 -0.000000
vn -0.000000 1.000000 -0.000000
vn -0.000000 1.000000 -0.000000
vn -0.000000 1.000000 -0.000000
vn -0.000000 1.000000 -0.000000
vn -0.000000 1.000000 -0.000000
vn -0.000000 1.000000 -0.000000
vn -0.000000 1.000000 -0.000000
vn -0.000000 1.000000 -0.000000
vn -0.000000 1.000000 -0.000000
vn -0.000000 1.000000 -0.000000
vn -0.000000 1.000000 -0.000000
vn -0.000000 1.000000 -0.000000
vn -0.000000 1.000000 -0.000000
vn -0.000000 1.000000 -0.000000
vn -0.000000 1.000000 -0.000000
vn -0.000000 1.000000 -0.000000
vn -0.000000 1.000000 -0.000000
vn -0.000000 1.000000 -0.000000
vn -0.000000 1.000000 -0.000000
vn -0.000000 1.000000 -0.000000
vn -0.000000 1.000000 -0.000000
vn -0.000000 1.000000 -0.000000
vn -0.000000 1.000000 -0.000000
vn -0.000000 1.000000 -0.000000
vn -0.000000 1.000000 -0.000000
vn -0.000000 1.000000 -0.000000
vn -0.000000 1.000000 -0.000000
vn -0.000000 1.000000 -0.000000
vn -0.000000 1.000000 -0.000000
vn -0.000000 1.000000 -0.000000
vn -0.000000 1.000000 -0.000000
vn -0.000000 1.000000 -0.000000
vn -0.000000 1.000000 -0.000000
vn -0.000000 1.000000 -0.000000
vn -0.000000 1.000000 -0.000000
usemtl Aluminum_-_Anodized_Glossy_(Grey)
f 434/853/839 480/854/840 433/855/841
f 433/855/841 480/854/840 457/856/842
f 433/857/841 457/858/842 456/859/843
f 456/859/843 457/858/842 458/860/844
f 456/859/843 458/860/844 455/861/845
f 455/861/845 458/860/844 459/862/846
f 455/861/845 459/862/846 454/863/847
f 454/863/847 459/862/846 460/864/848
f 454/863/847 460/864/848 453/865/849
f 453/865/849 460/864/848 461/866/850
f 453/865/849 461/866/850 452/867/851
f 452/867/851 461/866/850 462/868/852
f 452/867/851 462/868/852 451/869/853
f 451/869/853 462/868/852 463/870/854
f 451/869/853 463/870/854 450/871/855
f 450/871/855 463/870/854 464/872/856
f 450/871/855 464/872/856 449/873/857
f 449/873/857 464/872/856 465/874/858
f 449/873/857 465/874/858 448/875/859
f 448/875/859 465/874/858 466/876/860
f 448/875/859 466/876/860 447/877/861
f 447/877/861 466/876/860 467/878/862
f 447/877/861 467/878/862 446/879/863
f 446/879/863 467/878/862 468/880/864
f 446/879/863 468/880/864 445/881/865
f 445/881/865 468/880/864 469/882/866
f 445/881/865 469/882/866 444/883/867
f 444/883/867 469/882/866 470/884/868
f 444/883/867 470/884/868 443/885/869
f 443/885/869 470/884/868 471/886/870
f 443/885/869 471/886/870 442/887/871
f 442/887/871 471/886/870 472/888/872
f 442/887/871 472/888/872 441/889/873
f 441/889/873 472/888/872 473/890/874
f 441/889/873 473/890/874 440/891/875
f 440/891/875 473/890/874 474/892/876
f 440/891/875 474/892/876 439/893/877
f 439/893/877 474/892/876 475/894/878
f 439/893/877 475/894/878 438/895/879
f 438/895/879 475/894/878 476/896/880
f 438/895/879 476/896/880 437/897/881
f 437/897/881 476/896/880 477/898/882
f 437/897/881 477/898/882 436/899/883
f 436/899/883 477/898/882 478/900/884
f 436/899/883 478/900/884 435/901/885
f 435/901/885 478/900/884 479/902/886
f 435/901/885 479/902/886 434/853/839
f 434/853/839 479/902/886 480/854/840
f 482/903/887 528/904/888 481/905/889
f 481/905/889 528/904/888 505/906/890
f 481/907/889 505/908/890 504/909/891
f 504/909/891 505/908/890 506/910/892
f 504/909/891 506/910/892 503/911/893
f 503/911/893 506/910/892 507/912/894
f 503/911/893 507/912/894 502/913/895
f 502/913/895 507/912/894 508/914/896
f 502/913/895 508/914/896 501/915/897
f 501/915/897 508/914/896 509/916/898
f 501/915/897 509/916/898 500/917/899
f 500/917/899 509/916/898 510/918/900
f 500/917/899 510/918/900 499/919/901
f 499/919/901 510/918/900 511/920/902
f 499/919/901 511/920/902 498/921/903
f 498/921/903 511/920/902 512/922/904
f 498/921/903 512/922/904 497/923/905
f 497/923/905 512/922/904 513/924/906
f 497/923/905 513/924/906 496/925/907
f 496/925/907 513/924/906 514/926/908
f 496/925/907 514/926/908 495/927/909
f 495/927/909 514/926/908 515/928/910
f 495/927/909 515/928/910 494/929/911
f 494/929/911 515/928/910 516/930/912
f 494/929/911 516/930/912 493/931/913
f 493/931/913 516/930/912 517/932/914
f 493/931/913 517/932/914 492/933/915
f 492/933/915 517/932/914 518/934/916
f 492/933/915 518/934/916 491/935/917
f 491/935/917 518/934/916 519/936/918
f 491/935/917 519/936/918 490/937/919
f 490/937/919 519/936/918 520/938/920
f 490/937/919 520/938/920 489/939/921
f 489/939/921 520/938/920 521/940/922
f 489/939/921 521/940/922 488/941/923
f 488/941/923 521/940/922 522/942/924
f 488/941/923 522/942/924 487/943/925
f 487/943/925 522/942/924 523/944/926
f 487/943/925 523/944/926 486/945/927
f 486/945/927 523/944/926 524/946/928
f 486/945/927 524/946/928 485/947/929
f 485/947/929 524/946/928 525/948/930
f 485/947/929 525/948/930 484/949/931
f 484/949/931 525/948/930 526/950/932
f 484/949/931 526/950/932 483/951/933
f 483/951/933 526/950/932 527/952/934
f 483/951/933 527/952/934 482/903/887
f 482/903/887 527/952/934 528/904/888
f 530/953/935 576/954/936 529/955/937
f 529/955/937 576/954/936 553/956/938
f 529/957/937 553/958/938 552/959/939
f 552/959/939 553/958/938 554/960/940
f 552/959/939 554/960/940 551/961/941
f 551/961/941 554/960/940 555/962/942
f 551/961/941 555/962/942 550/963/943
f 550/963/943 555/962/942 556/964/944
f 550/963/943 556/964/944 549/965/945
f 549/965/945 556/964/944 557/966/946
f 549/965/945 557/966/946 548/967/947
f 548/967/947 557/966/946 558/968/948
f 548/967/947 558/968/948 547/969/949
f 547/969/949 558/968/948 559/970/950
f 547/969/949 559/970/950 546/971/951
f 546/971/951 559/970/950 560/972/952
f 546/971/951 560/972/952 545/973/953
f 545/973/953 560/972/952 561/974/954
f 545/973/953 561/974/954 544/975/955
f 544/975/955 561/974/954 562/976/956
f 544/975/955 562/976/956 543/977/957
f 543/977/957 562/976/956 563/978/958
f 543/977/957 563/978/958 542/979/959
f 542/979/959 563/978/958 564/980/960
f 542/979/959 564/980/960 541/981/961
f 541/981/961 564/980/960 565/982/962
f 541/981/961 565/982/962 540/983/963
f 540/983/963 565/982/962 566/984/964
f 540/983/963 566/984/964 539/985/965
f 539/985/965 566/984/964 567/986/966
f 539/985/965 567/986/966 538/987/967
f 538/987/967 567/986/966 568/988/968
f 538/987/967 568/988/968 537/989/969
f 537/989/969 568/988/968 569/990/970
f 537/989/969 569/990/970 536/991/971
f 536/991/971 569/990/970 570/992/972
f 536/991/971 570/992/972 535/993/973
f 535/993/973 570/992/972 571/994/974
f 535/993/973 571/994/974 534/995/975
f 534/995/975 571/994/974 572/996/976
f 534/995/975 572/996/976 533/997/977
f 533/997/977 572/996/976 573/998/978
f 533/997/977 573/998/978 532/999/979
f 532/999/979 573/998/978 574/1000/980
f 532/999/979 574/1000/980 531/1001/981
f 531/1001/981 574/1000/980 575/1002/982
f 531/1001/981 575/1002/982 530/953/935
f 530/953/935 575/1002/982 576/954/936
f 578/1003/983 624/1004/984 577/1005/985
f 577/1005/985 624/1004/984 601/1006/986
f 577/1007/985 601/1008/986 600/1009/987
f 600/1009/987 601/1008/986 602/1010/988
f 600/1009/987 602/1010/988 599/1011/989
f 599/1011/989 602/1010/988 603/1012/990
f 599/1011/989 603/1012/990 598/1013/991
f 598/1013/991 603/1012/990 604/1014/992
f 598/1013/991 604/1014/992 597/1015/993
f 597/1015/993 604/1014/992 605/1016/994
f 597/1015/993 605/1016/994 596/1017/995
f 596/1017/995 605/1016/994 606/1018/996
f 596/1017/995 606/1018/996 595/1019/997
f 595/1019/997 606/1018/996 607/1020/998
f 595/1019/997 607/1020/998 594/1021/999
f 594/1021/999 607/1020/998 608/1022/1000
f 594/1021/999 608/1022/1000 593/1023/1001
f 593/1023/1001 608/1022/1000 609/1024/1002
f 593/1023/1001 609/1024/1002 592/1025/1003
f 592/1025/1003 609/1024/1002 610/1026/1004
f 592/1025/1003 610/1026/1004 591/1027/1005
f 591/1027/1005 610/1026/1004 611/1028/1006
f 591/1027/1005 611/1028/1006 590/1029/1007
f 590/1029/1007 611/1028/1006 612/1030/1008
f 590/1029/1007 612/1030/1008 589/1031/1009
f 589/1031/1009 612/1030/1008 613/1032/1010
f 589/1031/1009 613/1032/1010 588/1033/1011
f 588/1033/1011 613/1032/1010 614/1034/1012
f 588/1033/1011 614/1034/1012 587/1035/1013
f 587/1035/1013 614/1034/1012 615/1036/1014
f 587/1035/1013 615/1036/1014 586/1037/1015
f 586/1037/1015 615/1036/1014 616/1038/1016
f 586/1037/1015 616/1038/1016 585/1039/1017
f 585/1039/1017 616/1038/1016 617/1040/1018
f 585/1039/1017 617/1040/1018 584/1041/1019
f 584/1041/1019 617/1040/1018 618/1042/1020
f 584/1041/1019 618/1042/1020 583/1043/1021
f 583/1043/1021 618/1042/1020 619/1044/1022
f 583/1043/1021 619/1044/1022 582/1045/1023
f 582/1045/1023 619/1044/1022 620/1046/1024
f 582/1045/1023 620/1046/1024 581/1047/1025
f 581/1047/1025 620/1046/1024 621/1048/1026
f 581/1047/1025 621/1048/1026 580/1049/1027
f 580/1049/1027 621/1048/1026 622/1050/1028
f 580/1049/1027 622/1050/1028 579/1051/1029
f 579/1051/1029 622/1050/1028 623/1052/1030
f 579/1051/1029 623/1052/1030 578/1003/983
f 578/1003/983 623/1052/1030 624/1004/984
f 625/1053/1031 626/1054/1032 630/1055/1033
f 630/1055/1033 626/1054/1032 629/1056/1034
f 629/1056/1034 626/1054/1032 627/1057/1035
f 629/1056/1034 627/1057/1035 628/1058/1036
f 660/1059/1037 631/1060/1038 659/1061/1039
f 659/1061/1039 631/1060/1038 632/1062/1040
f 659/1061/1039 632/1062/1040 658/1063/1041
f 658/1063/1041 632/1062/1040 633/1064/1042
f 658/1063/1041 633/1064/1042 657/1065/1043
f 657/1065/1043 633/1064/1042 634/1066/1044
f 657/1065/1043 634/1066/1044 656/1067/1045
f 656/1067/1045 634/1066/1044 635/1068/1046
f 656/1067/1045 635/1068/1046 655/1069/1047
f 655/1069/1047 635/1068/1046 636/1070/1048
f 655/1069/1047 636/1070/1048 654/1071/1049
f 654/1071/1049 636/1070/1048 637/1072/1050
f 654/1071/1049 637/1072/1050 653/1073/1051
f 653/1073/1051 637/1072/1050 638/1074/1052
f 653/1073/1051 638/1074/1052 652/1075/1053
f 652/1075/1053 638/1074/1052 639/1076/1054
f 652/1075/1053 639/1076/1054 651/1077/1055
f 651/1077/1055 639/1076/1054 640/1078/1056
f 651/1077/1055 640/1078/1056 650/1079/1057
f 650/1079/1057 640/1078/1056 641/1080/1058
f 650/1079/1057 641/1080/1058 649/1081/1059
f 649/1081/1059 641/1080/1058 642/1082/1060
f 649/1081/1059 642/1082/1060 648/1083/1061
f 648/1083/1061 642/1082/1060 643/1084/1062
f 648/1083/1061 643/1084/1062 647/1085/1063
f 647/1085/1063 643/1084/1062 644/1086/1064
f 647/1085/1063 644/1086/1064 646/1087/1065
f 646/1087/1065 644/1086/1064 645/1088/1066
f 646/1087/1065 645/1088/1066 630/1089/1033
f 630/1089/1033 645/1088/1066 625/1090/1031
f 661/1091/1067 662/1092/1068 664/1093/1069
f 664/1093/1069 662/1092/1068 663/1094/1070
f 663/1094/1070 662/1092/1068 631/1095/1038
f 663/1094/1070 631/1095/1038 660/1096/1037
f 628/1097/1071 627/1098/1072 692/1099/1073
f 692/1099/1073 627/1098/1072 665/1100/1074
f 692/1099/1073 665/1100/1074 691/1101/1075
f 691/1101/1075 665/1100/1074 666/1102/1076
f 691/1101/1075 666/1102/1076 690/1103/1077
f 690/1103/1077 666/1102/1076 667/1104/1078
f 690/1103/1077 667/1104/1078 689/1105/1079
f 689/1105/1079 667/1104/1078 668/1106/1080
f 689/1105/1079 668/1106/1080 688/1107/1081
f 688/1107/1081 668/1106/1080 669/1108/1082
f 688/1107/1081 669/1108/1082 687/1109/1083
f 687/1109/1083 669/1108/1082 670/1110/1084
f 687/1109/1083 670/1110/1084 686/1111/1085
f 686/1111/1085 670/1110/1084 671/1112/1086
f 686/1111/1085 671/1112/1086 685/1113/1087
f 685/1113/1087 671/1112/1086 672/1114/1088
f 685/1113/1087 672/1114/1088 684/1115/1089
f 684/1115/1089 672/1114/1088 673/1116/1090
f 684/1115/1089 673/1116/1090 683/1117/1091
f 683/1117/1091 673/1116/1090 674/1118/1092
f 683/1117/1091 674/1118/1092 682/1119/1093
f 682/1119/1093 674/1118/1092 675/1120/1094
f 682/1119/1093 675/1120/1094 681/1121/1095
f 681/1121/1095 675/1120/1094 676/1122/1096
f 681/1121/1095 676/1122/1096 680/1123/1097
f 680/1123/1097 676/1122/1096 677/1124/1098
f 680/1123/1097 677/1124/1098 679/1125/1099
f 679/1125/1099 677/1124/1098 678/1126/1100
f 679/1125/1099 678/1126/1100 664/1127/1101
f 664/1127/1101 678/1126/1100 661/1128/1102
f 578/1129/1103 577/1130/1104 696/1131/1105
f 696/1131/1105 577/1130/1104 600/1132/1106
f 696/1131/1105 600/1132/1106 599/1133/1107
f 599/1133/1107 598/1134/1108 696/1131/1105
f 696/1131/1105 598/1134/1108 629/1135/1109
f 696/1131/1105 629/1135/1109 544/1136/1110
f 544/1136/1110 629/1135/1109 545/1137/1111
f 545/1137/1111 629/1135/1109 546/1138/1112
f 546/1138/1112 629/1135/1109 547/1139/1113
f 547/1139/1113 629/1135/1109 548/1140/1114
f 548/1140/1114 629/1135/1109 497/1141/1115
f 548/1140/1114 497/1141/1115 496/1142/1116
f 598/1134/1108 597/1143/1117 629/1135/1109
f 629/1135/1109 597/1143/1117 596/1144/1118
f 629/1135/1109 596/1144/1118 595/1145/1119
f 595/1145/1119 594/1146/1120 629/1135/1109
f 629/1135/1109 594/1146/1120 453/1147/1121
f 629/1135/1109 453/1147/1121 630/1148/1122
f 630/1148/1122 453/1147/1121 452/1149/1123
f 630/1148/1122 452/1149/1123 451/1150/1124
f 453/1147/1121 594/1146/1120 454/1151/1125
f 454/1151/1125 594/1146/1120 593/1152/1126
f 454/1151/1125 593/1152/1126 592/1153/1127
f 454/1151/1125 592/1153/1127 455/1154/1128
f 455/1154/1128 592/1153/1127 591/1155/1129
f 455/1154/1128 591/1155/1129 456/1156/1130
f 456/1156/1130 591/1155/1129 590/1157/1131
f 456/1156/1130 590/1157/1131 433/1158/1132
f 433/1158/1132 590/1157/1131 589/1159/1133
f 433/1158/1132 589/1159/1133 588/1160/1134
f 433/1158/1132 588/1160/1134 434/1161/1135
f 434/1161/1135 588/1160/1134 587/1162/1136
f 434/1161/1135 587/1162/1136 435/1163/1137
f 435/1163/1137 587/1162/1136 586/1164/1138
f 435/1163/1137 586/1164/1138 585/1165/1139
f 435/1163/1137 585/1165/1139 436/1166/1140
f 436/1166/1140 585/1165/1139 584/1167/1141
f 436/1166/1140 584/1167/1141 437/1168/1142
f 437/1168/1142 584/1167/1141 663/1169/1143
f 437/1168/1142 663/1169/1143 660/1170/1144
f 584/1167/1141 583/1171/1145 663/1169/1143
f 663/1169/1143 583/1171/1145 695/1172/1146
f 663/1169/1143 695/1172/1146 535/1173/1147
f 535/1173/1147 695/1172/1146 536/1174/1148
f 536/1174/1148 695/1172/1146 693/1175/1149
f 536/1174/1148 693/1175/1149 537/1176/1150
f 537/1176/1150 693/1175/1149 694/1177/1151
f 537/1176/1150 694/1177/1151 538/1178/1152
f 538/1178/1152 694/1177/1151 539/1179/1153
f 539/1179/1153 694/1177/1151 696/1131/1105
f 539/1179/1153 696/1131/1105 540/1180/1154
f 540/1180/1154 696/1131/1105 541/1181/1155
f 541/1181/1155 696/1131/1105 542/1182/1156
f 542/1182/1156 696/1131/1105 543/1183/1157
f 543/1183/1157 696/1131/1105 544/1136/1110
f 583/1171/1145 582/1184/1158 695/1172/1146
f 695/1172/1146 582/1184/1158 693/1175/1149
f 582/1184/1158 581/1185/1159 693/1175/1149
f 693/1175/1149 581/1185/1159 580/1186/1160
f 693/1175/1149 580/1186/1160 694/1177/1151
f 694/1177/1151 580/1186/1160 579/1187/1161
f 694/1177/1151 579/1187/1161 696/1131/1105
f 696/1131/1105 579/1187/1161 578/1129/1103
f 530/1188/1162 529/1189/1163 493/1190/1164
f 493/1190/1164 529/1189/1163 552/1191/1165
f 493/1190/1164 552/1191/1165 494/1192/1166
f 494/1192/1166 552/1191/1165 551/1193/1167
f 494/1192/1166 551/1193/1167 550/1194/1168
f 494/1192/1166 550/1194/1168 495/1195/1169
f 495/1195/1169 550/1194/1168 549/1196/1170
f 495/1195/1169 549/1196/1170 496/1142/1116
f 496/1142/1116 549/1196/1170 548/1140/1114
f 535/1173/1147 534/1197/1171 663/1169/1143
f 663/1169/1143 534/1197/1171 489/1198/1172
f 663/1169/1143 489/1198/1172 664/1199/1173
f 664/1199/1173 489/1198/1172 488/1200/1174
f 664/1199/1173 488/1200/1174 487/1201/1175
f 489/1198/1172 534/1197/1171 490/1202/1176
f 490/1202/1176 534/1197/1171 533/1203/1177
f 490/1202/1176 533/1203/1177 491/1204/1178
f 491/1204/1178 533/1203/1177 532/1205/1179
f 491/1204/1178 532/1205/1179 492/1206/1180
f 492/1206/1180 532/1205/1179 531/1207/1181
f 492/1206/1180 531/1207/1181 530/1188/1162
f 492/1206/1180 530/1188/1162 493/1190/1164
f 504/1208/1182 686/1209/1183 481/1210/1184
f 481/1210/1184 686/1209/1183 685/1211/1185
f 481/1210/1184 685/1211/1185 482/1212/1186
f 482/1212/1186 685/1211/1185 684/1213/1187
f 482/1212/1186 684/1213/1187 483/1214/1188
f 483/1214/1188 684/1213/1187 683/1215/1189
f 483/1214/1188 683/1215/1189 484/1216/1190
f 484/1216/1190 683/1215/1189 485/1217/1191
f 485/1217/1191 683/1215/1189 682/1218/1192
f 485/1217/1191 682/1218/1192 681/1219/1193
f 686/1209/1183 504/1208/1182 687/1220/1194
f 687/1220/1194 504/1208/1182 503/1221/1195
f 687/1220/1194 503/1221/1195 502/1222/1196
f 687/1220/1194 502/1222/1196 688/1223/1197
f 688/1223/1197 502/1222/1196 501/1224/1198
f 688/1223/1197 501/1224/1198 689/1225/1199
f 689/1225/1199 501/1224/1198 690/1226/1200
f 690/1226/1200 501/1224/1198 500/1227/1201
f 690/1226/1200 500/1227/1201 691/1228/1202
f 691/1228/1202 500/1227/1201 499/1229/1203
f 691/1228/1202 499/1229/1203 692/1230/1204
f 692/1230/1204 499/1229/1203 628/1231/1205
f 628/1231/1205 499/1229/1203 498/1232/1206
f 628/1231/1205 498/1232/1206 497/1141/1115
f 486/1233/1207 680/1234/1208 487/1201/1175
f 487/1201/1175 680/1234/1208 679/1235/1209
f 487/1201/1175 679/1235/1209 664/1199/1173
f 680/1234/1208 486/1233/1207 681/1219/1193
f 681/1219/1193 486/1233/1207 485/1217/1191
f 450/1236/1210 647/1237/1211 451/1150/1124
f 451/1150/1124 647/1237/1211 646/1238/1212
f 451/1150/1124 646/1238/1212 630/1148/1122
f 647/1237/1211 450/1236/1210 648/1239/1213
f 648/1239/1213 450/1236/1210 449/1240/1214
f 648/1239/1213 449/1240/1214 649/1241/1215
f 649/1241/1215 449/1240/1214 650/1242/1216
f 650/1242/1216 449/1240/1214 448/1243/1217
f 650/1242/1216 448/1243/1217 447/1244/1218
f 650/1242/1216 447/1244/1218 651/1245/1219
f 651/1245/1219 447/1244/1218 446/1246/1220
f 651/1245/1219 446/1246/1220 652/1247/1221
f 652/1247/1221 446/1246/1220 445/1248/1222
f 652/1247/1221 445/1248/1222 653/1249/1223
f 653/1249/1223 445/1248/1222 444/1250/1224
f 653/1249/1223 444/1250/1224 654/1251/1225
f 654/1251/1225 444/1250/1224 443/1252/1226
f 654/1251/1225 443/1252/1226 655/1253/1227
f 655/1253/1227 443/1252/1226 442/1254/1228
f 655/1253/1227 442/1254/1228 441/1255/1229
f 440/1256/1230 657/1257/1231 441/1255/1229
f 441/1255/1229 657/1257/1231 656/1258/1232
f 441/1255/1229 656/1258/1232 655/1253/1227
f 657/1257/1231 440/1256/1230 658/1259/1233
f 658/1259/1233 440/1256/1230 439/1260/1234
f 658/1259/1233 439/1260/1234 659/1261/1235
f 659/1261/1235 439/1260/1234 660/1170/1144
f 660/1170/1144 439/1260/1234 438/1262/1236
f 660/1170/1144 438/1262/1236 437/1168/1142
f 629/1135/1109 628/1231/1205 497/1141/1115
f 602/1263/1237 601/1264/1238 698/1265/1239
f 698/1265/1239 601/1264/1238 624/1266/1240
f 698/1265/1239 624/1266/1240 623/1267/1241
f 623/1267/1241 622/1268/1242 698/1265/1239
f 698/1265/1239 622/1268/1242 697/1269/1243
f 698/1265/1239 697/1269/1243 569/1270/1244
f 569/1270/1244 697/1269/1243 570/1271/1245
f 570/1271/1245 697/1269/1243 699/1272/1246
f 570/1271/1245 699/1272/1246 571/1273/1247
f 571/1273/1247 699/1272/1246 572/1274/1248
f 572/1274/1248 699/1272/1246 661/1275/1249
f 572/1274/1248 661/1275/1249 521/1276/1250
f 521/1276/1250 661/1275/1249 522/1277/1251
f 522/1277/1251 661/1275/1249 523/1278/1252
f 523/1278/1252 661/1275/1249 678/1279/1253
f 523/1278/1252 678/1279/1253 677/1280/1254
f 622/1268/1242 621/1281/1255 697/1269/1243
f 697/1269/1243 621/1281/1255 620/1282/1256
f 697/1269/1243 620/1282/1256 699/1272/1246
f 699/1272/1246 620/1282/1256 619/1283/1257
f 699/1272/1246 619/1283/1257 662/1284/1258
f 662/1284/1258 619/1283/1257 618/1285/1259
f 662/1284/1258 618/1285/1259 477/1286/1260
f 477/1286/1260 618/1285/1259 478/1287/1261
f 478/1287/1261 618/1285/1259 617/1288/1262
f 478/1287/1261 617/1288/1262 479/1289/1263
f 479/1289/1263 617/1288/1262 616/1290/1264
f 479/1289/1263 616/1290/1264 615/1291/1265
f 479/1289/1263 615/1291/1265 480/1292/1266
f 480/1292/1266 615/1291/1265 614/1293/1267
f 480/1292/1266 614/1293/1267 457/1294/1268
f 457/1294/1268 614/1293/1267 613/1295/1269
f 457/1294/1268 613/1295/1269 612/1296/1270
f 457/1294/1268 612/1296/1270 458/1297/1271
f 458/1297/1271 612/1296/1270 611/1298/1272
f 458/1297/1271 611/1298/1272 459/1299/1273
f 459/1299/1273 611/1298/1272 610/1300/1274
f 459/1299/1273 610/1300/1274 460/1301/1275
f 460/1301/1275 610/1300/1274 609/1302/1276
f 460/1301/1275 609/1302/1276 608/1303/1277
f 607/1304/1278 626/1305/1279 608/1303/1277
f 608/1303/1277 626/1305/1279 461/1306/1280
f 608/1303/1277 461/1306/1280 460/1301/1275
f 607/1304/1278 606/1307/1281 626/1305/1279
f 626/1305/1279 606/1307/1281 605/1308/1282
f 626/1305/1279 605/1308/1282 604/1309/1283
f 626/1305/1279 604/1309/1283 698/1265/1239
f 698/1265/1239 604/1309/1283 603/1310/1284
f 698/1265/1239 603/1310/1284 602/1263/1237
f 554/1311/1285 553/1312/1286 517/1313/1287
f 517/1313/1287 553/1312/1286 576/1314/1288
f 517/1313/1287 576/1314/1288 518/1315/1289
f 518/1315/1289 576/1314/1288 575/1316/1290
f 518/1315/1289 575/1316/1290 574/1317/1291
f 518/1315/1289 574/1317/1291 519/1318/1292
f 519/1318/1292 574/1317/1291 573/1319/1293
f 519/1318/1292 573/1319/1293 520/1320/1294
f 520/1320/1294 573/1319/1293 572/1274/1248
f 520/1320/1294 572/1274/1248 521/1276/1250
f 569/1270/1244 568/1321/1295 698/1265/1239
f 698/1265/1239 568/1321/1295 567/1322/1296
f 698/1265/1239 567/1322/1296 566/1323/1297
f 566/1323/1297 565/1324/1298 698/1265/1239
f 698/1265/1239 565/1324/1298 564/1325/1299
f 698/1265/1239 564/1325/1299 563/1326/1300
f 563/1326/1300 562/1327/1301 698/1265/1239
f 698/1265/1239 562/1327/1301 626/1305/1279
f 562/1327/1301 561/1328/1302 626/1305/1279
f 626/1305/1279 561/1328/1302 560/1329/1303
f 626/1305/1279 560/1329/1303 559/1330/1304
f 559/1330/1304 558/1331/1305 626/1305/1279
f 626/1305/1279 558/1331/1305 513/1332/1306
f 626/1305/1279 513/1332/1306 627/1333/1307
f 627/1333/1307 513/1332/1306 512/1334/1308
f 627/1333/1307 512/1334/1308 511/1335/1309
f 513/1332/1306 558/1331/1305 514/1336/1310
f 514/1336/1310 558/1331/1305 557/1337/1311
f 514/1336/1310 557/1337/1311 515/1338/1312
f 515/1338/1312 557/1337/1311 556/1339/1313
f 515/1338/1312 556/1339/1313 516/1340/1314
f 516/1340/1314 556/1339/1313 555/1341/1315
f 516/1340/1314 555/1341/1315 554/1311/1285
f 516/1340/1314 554/1311/1285 517/1313/1287
f 528/1342/1316 672/1343/1317 505/1344/1318
f 505/1344/1318 672/1343/1317 671/1345/1319
f 505/1344/1318 671/1345/1319 506/1346/1320
f 506/1346/1320 671/1345/1319 670/1347/1321
f 506/1346/1320 670/1347/1321 507/1348/1322
f 507/1348/1322 670/1347/1321 508/1349/1323
f 508/1349/1323 670/1347/1321 669/1350/1324
f 508/1349/1323 669/1350/1324 509/1351/1325
f 509/1351/1325 669/1350/1324 668/1352/1326
f 509/1351/1325 668/1352/1326 667/1353/1327
f 672/1343/1317 528/1342/1316 673/1354/1328
f 673/1354/1328 528/1342/1316 527/1355/1329
f 673/1354/1328 527/1355/1329 674/1356/1330
f 674/1356/1330 527/1355/1329 526/1357/1331
f 674/1356/1330 526/1357/1331 525/1358/1332
f 524/1359/1333 676/1360/1334 525/1358/1332
f 525/1358/1332 676/1360/1334 675/1361/1335
f 525/1358/1332 675/1361/1335 674/1356/1330
f 676/1360/1334 524/1359/1333 677/1280/1254
f 677/1280/1254 524/1359/1333 523/1278/1252
f 510/1362/1336 666/1363/1337 511/1335/1309
f 511/1335/1309 666/1363/1337 665/1364/1338
f 511/1335/1309 665/1364/1338 627/1333/1307
f 666/1363/1337 510/1362/1336 667/1353/1327
f 667/1353/1327 510/1362/1336 509/1351/1325
f 662/1284/1258 477/1286/1260 631/1365/1339
f 631/1365/1339 477/1286/1260 476/1366/1340
f 631/1365/1339 476/1366/1340 475/1367/1341
f 474/1368/1342 633/1369/1343 475/1367/1341
f 475/1367/1341 633/1369/1343 632/1370/1344
f 475/1367/1341 632/1370/1344 631/1365/1339
f 633/1369/1343 474/1368/1342 634/1371/1345
f 634/1371/1345 474/1368/1342 473/1372/1346
f 634/1371/1345 473/1372/1346 635/1373/1347
f 635/1373/1347 473/1372/1346 636/1374/1348
f 636/1374/1348 473/1372/1346 472/1375/1349
f 636/1374/1348 472/1375/1349 471/1376/1350
f 636/1374/1348 471/1376/1350 637/1377/1351
f 637/1377/1351 471/1376/1350 470/1378/1352
f 637/1377/1351 470/1378/1352 638/1379/1353
f 638/1379/1353 470/1378/1352 469/1380/1354
f 638/1379/1353 469/1380/1354 639/1381/1355
f 639/1381/1355 469/1380/1354 468/1382/1356
f 639/1381/1355 468/1382/1356 640/1383/1357
f 640/1383/1357 468/1382/1356 467/1384/1358
f 640/1383/1357 467/1384/1358 641/1385/1359
f 641/1385/1359 467/1384/1358 466/1386/1360
f 641/1385/1359 466/1386/1360 465/1387/1361
f 464/1388/1362 643/1389/1363 465/1387/1361
f 465/1387/1361 643/1389/1363 642/1390/1364
f 465/1387/1361 642/1390/1364 641/1385/1359
f 643/1389/1363 464/1388/1362 644/1391/1365
f 644/1391/1365 464/1388/1362 463/1392/1366
f 644/1391/1365 463/1392/1366 645/1393/1367
f 645/1393/1367 463/1392/1366 625/1394/1368
f 625/1394/1368 463/1392/1366 462/1395/1369
f 625/1394/1368 462/1395/1369 461/1306/1280
f 626/1305/1279 625/1394/1368 461/1306/1280
f 662/1284/1258 661/1275/1249 699/1272/1246
# 699 vertices
# 1395 texture params
# 1369 normals
# 1390 facets

# 6 groups
